date,ABLH_h00,ABLH_h01,ABLH_h02,ABLH_h03,ABLH_h04,ABLH_h05,ABLH_h06,ABLH_h07,ABLH_h08,ABLH_h09,ABLH_h10,ABLH_h11,ABLH_h12,ABLH_h13,ABLH_h14,ABLH_h15,ABLH_h16,ABLH_h17,ABLH_h18,ABLH_h19,ABLH_h20,ABLH_h21,ABLH_h22,ABLH_h23,AQI,PM2.5,PM10,NO2,SO2,CO
2024-01-01,157.12234,773.0969,811.49976,871.52686,944.4844,1020.48706,1056.5869,1053.1904,937.7268,129.39622,47.454727,42.524536,43.55931,46.855408,51.884598,57.796524,54.980713,51.00125,52.180923,50.17859,40.719833,37.006256,30.370178,42.10327,112,84,130,29.0,7,1.0
2024-01-02,96.539,179.8861,277.34058,514.03345,594.4346,696.2661,712.05615,670.10913,573.6909,136.31174,117.148834,152.55757,240.88689,343.74976,311.8452,258.19263,261.27783,263.98438,394.6958,458.47437,495.62598,581.801,648.6626,660.1604,170,96,7,0.75,50,40.0
2024-01-03,693.6655,704.05664,709.2727,714.6516,723.04346,739.92236,744.0071,731.79736,684.7405,591.35864,212.95183,166.05151,146.54776,121.22368,90.89581,60.525757,36.189163,23.954987,26.04924,32.1418,43.956192,56.70392,55.321518,57.073486,103,77,110,29.0,6,1.02
2024-01-04,82.66214,343.28906,395.99683,472.96948,598.44336,658.6074,664.34814,637.52295,505.20605,171.61284,139.11346,147.68962,149.68837,143.7834,129.74963,114.27478,96.11679,80.956436,65.198456,59.50586,56.86345,56.11487,38.23909,36.799988,113,85,124,48.0,8,1.02
2024-01-05,72.27051,125.0634,196.89246,340.02954,534.4509,709.84766,815.1382,783.95703,416.53467,73.81546,46.021957,39.468323,37.667557,35.64818,35.145447,34.801758,31.443222,24.444916,19.259384,23.75206,32.64853,37.788345,46.757034,58.224808,245,97,9,0.98,60,41.0
2024-01-06,68.16406,106.43404,185.07925,367.02808,558.06055,799.9048,967.3369,996.43677,799.6897,314.19702,159.74344,141.41609,122.21886,123.25746,132.15448,127.53308,128.18896,127.32355,137.96924,146.06183,163.63155,163.41858,177.7565,192.78079,169,128,178,79.0,11,1.47
2024-01-07,255.26161,369.69946,555.77856,825.1968,1101.4248,1174.0928,1196.7358,1180.6077,1116.1079,405.24023,192.62524,275.3462,362.32056,351.19238,327.97632,288.85303,269.5437,249.29057,232.91457,219.30116,207.65239,175.00964,153.28644,172.89426,114,85,120,52.0,8,1.05
2024-01-08,328.0376,600.0542,699.1731,742.32666,764.92017,778.15674,803.8696,770.5156,653.8721,501.50952,272.23926,278.73706,282.3369,270.65454,248.87602,221.85536,216.22183,209.37125,195.73561,160.34886,112.659485,71.55295,42.86328,35.646683,36,38,7,0.68,41,30.0
2024-01-09,46.54567,180.85085,308.60913,467.239,631.96875,779.17773,933.36865,884.94214,539.5425,188.52722,145.88432,190.38554,230.63458,296.6753,515.33105,687.1094,749.7654,815.7595,894.90845,769.4597,587.02563,556.5276,522.8906,496.78442,109,82,119,53.0,8,1.0
2024-01-10,555.98145,1042.0007,1164.2749,1206.3054,1232.0691,1219.7979,1252.6604,1293.4082,1257.7156,1112.0332,320.5481,198.00761,120.47751,90.055756,79.409195,62.491013,47.51027,34.066666,18.331055,21.86,30.894775,37.553818,33.71826,53.892883,159,120,158,37.0,8,1.11
2024-01-11,104.4393,253.93222,378.04126,470.3584,565.7781,662.35376,730.5481,738.8064,615.4536,68.73857,56.71988,65.21974,72.16254,78.67749,81.473526,79.39978,72.66672,64.634445,59.753952,53.839798,48.465897,43.66545,39.621735,42.324905,140,106,154,63.0,8,1.1
2024-01-12,54.34236,87.632385,145.57867,312.6765,590.5593,761.72656,846.4138,833.9182,346.29663,62.97023,33.0813,27.977554,23.98555,18.765106,14.877202,14.548509,16.878662,16.371002,12.64589,10.306416,14.506009,19.626648,18.079208,18.56314,102,76,113,71.0,9,0.95
2024-01-13,16.957367,50.34221,123.67052,252.40796,422.86963,563.96045,617.0862,560.4509,378.073,240.17435,187.89487,204.34424,223.6256,230.42522,227.69623,219.89397,203.65489,175.32434,147.0292,121.34889,105.81996,97.55234,99.053406,110.41356,127,96,140,85.0,12,1.17
2024-01-14,139.2442,202.44385,274.45264,337.49976,458.77856,886.87573,1087.7656,994.4407,712.2539,627.6094,600.39233,560.5974,512.20605,549.58374,586.6987,644.22095,689.7146,705.9724,727.4658,734.6992,722.5032,720.4441,723.1023,712.65796,181,109,10,0.86,41,74.0
2024-01-15,720.3601,770.9426,818.61304,889.9446,966.7407,992.8833,1015.417,1010.60474,962.63403,773.2329,244.3767,258.41626,271.92944,268.4109,262.5525,243.33969,229.91847,207.18793,194.55026,180.62625,177.23906,164.10869,168.25641,203.01428,58,47,6,0.65,23,50.0
2024-01-16,344.9026,904.49536,963.3777,991.3638,1015.42944,974.52344,928.1255,894.89453,819.3103,674.99634,461.28516,464.82178,491.90112,484.2107,460.92432,438.98804,424.94458,395.10278,341.58838,305.0913,274.46484,238.48358,165.50368,176.1202,32,32,7,0.55,30,49.0
2024-01-17,218.88878,299.36304,389.08228,461.78613,525.03564,595.57056,672.615,687.2927,466.4851,74.989456,75.68179,90.96236,119.84845,144.6963,153.05812,154.06358,169.30116,201.02936,236.96962,265.43628,297.30127,325.34863,323.30322,328.8916,110,60,7,0.49,36,60.0
2024-01-18,319.83423,366.8501,405.78223,451.02515,524.8782,554.7822,531.5344,474.6714,427.38525,397.37964,335.63428,303.094,284.50977,245.01585,234.43578,255.66452,278.80396,285.17578,298.94702,334.53467,376.27148,398.01245,397.32593,412.30273,166,72,6,1.0,47,4.0
2024-01-19,402.30347,383.58618,387.15088,407.2234,436.77612,470.8181,516.8718,546.97046,553.69946,544.06274,473.90186,460.09375,432.9297,376.46948,332.1814,318.59497,339.8047,381.16235,405.19336,413.7268,438.32153,460.52905,459.7434,505.47607,82,35,4,0.78,30,32.0
2024-01-20,519.77905,505.3235,532.6526,568.06104,603.3203,627.31055,637.98755,663.39795,684.49023,678.95557,663.8689,671.9011,681.29346,700.9199,711.6599,705.2229,694.2678,686.29443,684.3323,685.7112,663.8987,628.2561,618.4717,626.2009,121,35,5,0.9,28,21.0
2024-01-21,629.6345,636.59985,683.1162,700.4739,721.28906,730.2925,756.7019,777.52905,804.78394,847.51465,796.64624,881.0293,919.772,977.5947,1010.6316,1041.2053,1012.3718,987.0393,947.9463,942.6216,941.35547,931.5095,931.6111,1030.7332,246,62,5,0.83,27,22.0
2024-01-22,1123.0474,1121.0933,1112.3506,1126.176,1177.8003,1243.0315,1318.6392,1374.2458,1374.3213,1297.5723,1336.106,1287.2422,1168.168,1073.9824,1010.70703,990.2112,958.65063,929.86255,884.02026,844.4717,832.4956,819.91943,1060.8696,1077.9814,234,43,6,0.65,20,48.0
2024-01-23,1117.1248,1152.2661,1180.6235,1189.8064,1185.7922,1181.873,1203.9033,1231.7261,1223.2368,1169.4854,921.43335,805.81885,787.1482,795.2959,823.9407,888.47314,890.5464,862.7617,845.8274,801.3196,735.9988,664.3777,644.31445,571.2871,99,32,7,0.63,18,55.0
2024-01-24,705.30493,831.7478,926.3701,1001.0459,1041.6147,1043.1758,1054.5115,1061.7551,1023.6111,885.92676,244.76099,189.03925,177.66927,156.8483,135.29088,145.33623,167.61328,170.583,148.2556,132.75092,137.26894,152.82036,165.7526,123.397415,150,48,8,0.75,28,46.0
2024-01-25,143.61238,320.9651,813.9248,1068.425,1158.2522,1210.199,1240.792,1197.1846,1053.4885,543.68945,120.23361,61.994034,55.17633,63.50615,57.24414,44.8777,38.87938,41.64154,39.83362,40.006226,40.486343,39.0524,31.879364,30.657288,228,70,9,0.77,43,37.0
2024-01-26,49.754044,151.71025,566.18115,1016.35693,1170.3855,1220.5061,1205.8813,1078.926,937.5315,475.58057,181.72542,125.234695,85.220825,71.24925,53.653442,39.555023,36.548203,35.801743,34.67511,41.153244,48.62552,48.583862,43.812088,41.42958,249,89,10,0.82,55,35.0
2024-01-27,54.430023,132.33441,245.88312,569.25,896.77856,1136.325,1227.9023,1203.5422,1087.3591,589.834,150.60753,68.04115,51.619537,55.169525,66.16879,80.116425,72.43979,59.98375,53.668488,58.45021,60.77466,58.508698,70.26082,67.529816,112,84,117,62.0,12,0.95
2024-01-28,102.22531,240.78328,407.6018,795.1172,939.44214,1022.73706,1079.5405,1072.3792,921.708,152.19984,49.90396,32.22606,19.175293,17.72258,23.638092,38.770935,59.038696,77.515564,85.23663,106.64548,118.88425,127.62181,110.989105,130.41452,104,78,111,62.0,11,0.97
2024-01-29,181.92462,346.99023,450.13916,548.06885,698.80225,789.7588,862.48145,858.3452,767.751,583.87427,390.34302,400.41162,385.92676,368.6255,381.1394,375.00635,357.05835,333.03662,316.64917,307.25366,294.94873,263.40063,174.40941,152.44418,111,83,121,48.0,10,0.83
2024-01-30,162.42606,216.87996,308.021,399.1438,513.8198,560.84595,604.4004,588.84155,513.0254,220.49918,121.397,128.58067,123.94835,124.992676,121.25688,102.07132,101.137085,110.63347,114.50235,118.4507,134.5176,136.53697,82.11481,104.0509,63,48,6,0.6,25,55.0
2024-01-31,123.5737,90.459335,45.758636,98.93988,102.74159,172.5729,230.41127,295.71265,267.35278,209.40672,130.47307,124.30046,132.99858,154.3958,139.8939,90.4872,110.01712,136.35895,160.11304,180.96777,200.00162,227.79459,294.89453,324.99976,31,29,5,0.63,37,15.0
2024-02-01,378.70264,490.45874,603.8086,625.17017,612.42773,601.54663,621.55835,648.4558,668.64185,696.8865,706.0757,680.7041,656.9365,632.4463,623.0188,625.4243,623.34717,604.15137,581.2119,576.66235,580.01245,557.8296,535.199,504.3252,15,16,4,0.58,26,43.0
2024-02-02,507.03125,528.3943,541.17725,559.5188,571.51074,618.1638,633.9927,658.44824,643.0884,626.64087,608.11084,541.376,517.79126,479.3877,443.0337,413.82202,398.0774,385.5288,380.92285,369.63452,353.67114,335.011,421.1919,392.5713,76,27,4,0.48,17,53.0
2024-02-03,416.1704,424.04443,368.49316,343.91016,349.92236,394.09766,421.70288,449.75024,463.3269,476.78784,469.48608,471.16846,484.22583,490.13354,491.88232,475.9319,446.64282,430.14917,435.5691,448.77417,440.7102,420.5857,380.50513,381.23486,31,17,5,0.61,20,48.0
2024-02-04,378.5127,409.0857,402.90454,389.91846,391.90186,418.9077,453.98926,343.87988,255.29872,217.69092,278.9109,348.28076,474.7412,496.23535,532.4192,629.24023,763.23535,757.6721,764.94824,769.59937,777.43604,745.94995,845.62476,851.7009,87,26,5,0.74,20,42.0
2024-02-05,922.98193,894.93823,917.5342,970.0266,995.11035,986.5879,971.6033,953.4004,930.2053,891.14355,774.15674,745.041,686.5239,707.7051,653.71875,607.3152,569.395,542.50977,499.6255,444.44946,420.3562,431.61987,443.78125,423.58862,119,37,5,0.69,13,58.0
2024-02-06,421.55566,493.01147,515.6887,569.7002,554.52686,575.6074,557.2229,493.92627,416.0171,453.80908,331.67847,289.6936,333.37354,403.50317,371.8484,420.08667,421.10864,428.2776,416.96948,433.30396,459.8728,443.0078,414.64624,397.92676,211,77,6,0.85,20,52.0
2024-02-07,428.9795,509.61377,574.76465,628.38086,709.0652,713.355,787.36816,817.2185,895.1538,895.3992,333.3806,294.71802,313.03418,291.33545,246.70763,133.47563,165.60951,220.09645,265.36426,254.453,256.1504,285.06787,250.60524,180.2644,150,63,7,0.88,21,56.0
2024-02-08,249.08961,569.73364,838.4424,1066.2654,1206.5762,1301.2507,1273.4109,1233.6255,1145.5422,835.2737,159.06543,128.34843,119.55736,116.61078,112.61357,108.97165,97.65895,94.13028,103.68753,134.27625,153.23665,139.79845,96.0849,77.686584,140,72,9,0.91,16,88.0
2024-02-09,173.02884,389.8933,703.99585,933.0254,1098.5222,1212.4766,1235.8267,1219.0254,1090.7817,324.81665,46.653763,20.898956,12.36612,11.002139,15.471993,25.198517,33.619873,36.87625,40.053574,42.93466,45.69304,47.880096,51.71454,52.54306,140,107,134,20.0,8,1.08
2024-02-10,75.71893,148.63701,353.07495,640.5488,1020.8513,1238.7148,1357.4641,1338.5442,1047.1743,41.416656,31.439926,34.47316,31.729202,29.672897,28.750427,25.07425,24.47519,35.272217,55.23636,236.33974,284.45752,196.07362,145.06781,113.71492,177,142,172,21.0,10,0.84
2024-02-11,168.76147,280.08496,453.47485,719.90186,1081.9846,1411.9004,1471.4048,1429.3428,1180.3088,94.8723,34.701553,34.293182,39.224243,44.15895,52.913437,65.60237,78.26877,90.07384,96.86522,95.76572,92.61876,91.05911,89.435135,102.064514,151,91,8,0.73,16,75.0
2024-02-12,136.5618,196.82344,289.32324,460.76343,727.0105,864.8281,927.8076,904.78076,767.88745,219.93555,146.60718,172.15895,209.75354,241.33527,259.6328,260.77734,252.44571,248.80493,245.59537,247.83359,243.22952,233.69823,168.44388,196.81407,122,79,7,0.63,10,93.0
2024-02-13,299.9331,456.16382,595.5879,741.5845,944.6948,1082.283,949.1196,893.97,744.16187,146.77515,77.422,58.637527,83.64371,149.38571,182.38031,179.21156,137.98697,119.91191,112.77739,104.08339,88.50151,84.20177,82.07431,93.15636,69,51,6,0.5,8,90.0
2024-02-14,141.1965,205.36086,259.56567,316.76367,510.6538,791.87085,956.0508,1036.022,984.04663,256.92554,54.208145,63.72583,82.51587,97.669556,108.04767,108.35094,96.65842,77.77763,62.3705,45.054123,19.420395,17.122177,33.54271,64.26596,50,39,7,0.49,11,71.0
2024-02-15,379.14746,486.73462,565.3943,690.64404,825.9263,861.56006,845.0261,806.99,809.46704,848.4143,958.0344,972.449,1028.1433,1011.24365,918.77783,873.7068,869.9287,812.44556,740.532,641.98486,609.7383,472.75806,161.94452,126.75394,134,42,5,0.58,13,55.0
2024-02-16,284.33032,662.9861,850.07886,895.84546,965.1294,988.31616,960.27686,933.8684,856.47095,642.7617,292.64062,258.28125,244.73564,256.68652,275.58936,279.39673,256.14258,223.3193,188.81651,168.99486,171.71652,174.29016,160.77463,181.53441,49,27,6,0.7,7,78.0
2024-02-17,206.70082,262.635,352.97803,427.78125,494.37622,546.5635,593.5259,604.52026,436.3379,227.40271,155.77206,155.91866,162.45004,166.33794,184.1653,193.6035,194.61435,192.66222,193.31242,180.23392,174.86646,167.14581,134.09755,174.96794,38,29,6,0.6,13,67.0
2024-02-18,209.87035,248.86037,351.53613,444.15356,561.7903,698.97485,845.63965,977.1277,933.7488,602.156,162.20064,182.9806,178.18774,194.02336,226.32968,197.9423,150.12108,82.04761,27.988754,15.633174,20.392242,22.310822,18.65918,14.300995,38,28,5,0.46,11,61.0
2024-02-19,21.9458,83.68646,341.58325,498.34082,571.8154,712.9177,767.3462,713.73486,609.8357,526.7932,443.11328,421.3313,434.2146,461.97388,474.0005,497.8877,526.90845,538.34814,549.2031,552.27344,543.6863,513.2573,493.22778,510.73315,137,42,5,0.63,18,37.0
2024-02-20,513.61865,486.219,462.12085,470.40845,469.29224,467.92114,497.17407,499.62476,512.94653,513.7334,489.11426,503.45068,479.3872,456.3357,426.95117,366.6272,342.40625,326.63208,266.65356,250.34207,274.25732,293.92383,392.69604,424.92285,16,16,4,0.55,12,46.0
2024-02-21,439.5642,439.91162,427.93042,421.61597,450.67432,467.59692,500.5835,552.9241,607.78735,640.5415,627.73047,676.9949,672.10254,676.3867,666.83936,652.85913,644.82983,641.53345,648.3667,626.6135,632.8638,627.07275,647.28076,621.4778,20,14,4,0.63,15,40.0
2024-02-22,626.9033,620.98096,617.6946,665.1008,668.9153,666.6306,665.37354,690.8069,668.3821,632.9238,622.64404,621.71387,620.4297,582.7588,572.36646,570.83105,572.9292,577.0847,585.0283,591.1411,564.34766,502.0498,469.38208,516.3462,95,23,4,0.6,18,40.0
2024-02-23,534.5425,527.73413,561.7969,618.0664,703.87915,791.5166,860.8142,800.50635,737.29785,651.1543,643.9436,574.5979,532.8977,558.40454,522.7407,513.5254,501.23755,471.48926,460.19336,447.24658,419.66016,419.56543,417.073,409.08252,211,43,5,0.66,20,47.0
2024-02-24,384.5205,424.1504,448.2307,486.94727,508.15015,545.5178,561.7141,588.99023,619.15454,632.6797,579.5969,620.15063,699.78296,797.947,845.9888,840.6465,847.4553,895.67065,927.08545,969.0515,1014.0249,1039.4268,1093.7627,1032.7161,137,47,5,0.79,17,51.0
2024-02-25,1022.86646,1050.8281,1052.2402,1072.3774,1129.5791,1149.8672,1160.5449,1183.5281,1183.4236,1173.1313,684.58057,508.09424,324.4087,319.9602,302.4287,320.97363,365.37598,360.25732,447.38086,523.93384,530.0244,505.75,455.02905,320.9712,144,61,6,0.69,12,79.0
2024-02-26,432.80664,572.23145,808.4121,1001.0217,1126.2537,1247.0784,1372.3337,1409.0608,1094.5593,745.88184,563.78613,568.14795,527.2261,472.8313,440.96875,401.69556,359.92456,347.33618,346.0835,331.19092,300.88574,272.96436,226.19504,149.0609,104,78,103,30.0,8,0.93
2024-02-27,256.79956,485.604,943.42725,1069.5857,1159.863,1189.468,1204.8872,1208.4065,1191.5356,1119.5034,87.44173,64.0979,76.99094,102.94524,130.11366,156.58699,171.47165,159.70421,153.367,169.18427,170.60298,157.68536,174.48174,194.93958,131,70,6,0.59,28,69.0
2024-02-28,150.2215,175.19528,181.22397,157.64645,137.71077,199.39142,210.12033,213.83751,202.76863,195.76176,160.90926,172.3508,174.0031,172.15013,162.86467,143.99731,145.14548,147.54663,146.29454,166.78928,244.71771,375.94434,399.33398,410.42676,76,46,6,0.68,40,32.0
2024-02-29,476.0315,487.99097,498.94336,514.2632,523.3452,539.0425,596.3179,636.7217,649.9634,620.9043,592.1377,604.96436,664.31885,717.74097,723.58716,705.6887,717.416,720.938,736.8076,786.1775,800.91064,798.4082,814.14453,867.01196,69,26,5,0.68,23,43.0
2024-03-01,843.3447,869.6494,956.6738,1093.175,1264.6086,1417.0859,1560.0288,1580.4009,1429.7256,1181.6836,568.3821,424.40283,405.5088,329.29004,289.4956,249.02315,204.46259,154.55553,118.33563,89.71039,67.05606,51.46393,28.943878,21.515686,93,37,5,0.4,17,73.0
2024-03-02,151.25377,572.8286,870.7949,1023.667,1153.98,1369.3398,1534.7407,1638.4292,1542.5295,173.0134,112.26274,106.49667,140.55107,157.57205,163.07726,141.05363,104.54082,87.84906,81.82666,70.82045,63.623123,61.26291,56.353836,55.937622,154,63,7,0.51,35,63.0
2024-03-03,88.41467,180.71336,414.05273,872.77783,1195.8762,1297.6279,1253.6399,1129.2258,935.65186,523.64136,332.03418,316.13745,316.1853,320.15405,338.4336,359.56958,369.99194,364.9734,326.9619,287.14258,275.1643,267.2046,254.66728,272.6057,206,74,7,0.69,29,78.0
2024-03-04,294.6897,321.1223,307.01123,312.35938,316.30615,352.1399,422.12183,339.7151,186.13348,124.11983,98.93268,88.871506,77.03613,69.93349,66.2079,57.618103,46.693466,24.451096,36.45363,57.229523,85.61246,119.829666,133.58487,202.52716,113,51,6,0.65,23,79.0
2024-03-05,292.50073,327.12622,325.49414,337.36816,396.54126,453.2412,508.4829,535.8064,562.29565,566.31616,545.0703,522.3386,525.19824,552.7771,553.2688,575.52295,619.65283,633.10034,634.7573,632.5818,639.541,649.91016,587.30273,587.22266,24,25,5,0.8,33,24.0
2024-03-06,604.48315,608.74243,619.0315,679.86694,794.2178,927.41235,1073.7422,1151.8586,1161.0383,1117.905,629.80176,487.92236,396.05078,329.4065,274.69824,231.58246,244.92136,261.2351,219.1515,169.91626,168.1306,171.68533,111.0341,89.97693,142,59,6,0.78,31,58.0
2024-03-07,228.55597,398.0559,642.824,881.6885,1028.4719,1126.0435,1241.8689,1254.4062,1051.3484,647.92065,55.741592,32.920837,30.187393,27.316238,36.48091,85.18689,223.93317,418.53198,553.5764,664.67236,647.636,602.3042,361.28247,429.84058,149,73,8,0.92,32,77.0
2024-03-08,602.6387,734.2173,942.6621,1195.2878,1444.4443,1745.0935,1847.7593,1814.6648,1813.5615,1329.8596,191.6863,75.92853,57.76216,69.25667,80.48114,88.400116,87.54428,82.58148,65.85039,40.15622,31.036133,46.307404,59.397934,85.46925,288,100,7,0.83,29,82.0
2024-03-09,221.02644,462.92334,834.6714,1298.6758,1481.2495,1498.2334,1464.9336,1370.8604,1331.0283,1028.9963,222.23909,281.90527,330.45215,342.1311,344.84766,348.67847,332.10352,300.8181,239.23827,199.47191,174.65514,170.46324,167.42548,259.96094,243,83,7,0.73,33,89.0
2024-03-10,426.67896,555.78125,673.32544,768.0532,818.58545,844.18164,830.58545,760.2866,634.6909,488.8672,342.0974,320.04565,316.02173,310.3667,313.54297,324.12573,310.22754,285.4563,276.3794,261.97217,249.55876,231.5492,220.56157,209.99992,120,63,7,0.62,22,98.0
2024-03-11,222.74605,192.80836,209.47026,207.89223,272.5564,468.0315,825.3523,1252.7964,1373.3909,943.3086,40.684708,40.82451,50.503876,61.18071,71.785,76.207794,76.30412,77.96808,78.28851,76.277145,71.12009,65.19307,47.364014,62.803146,127,66,7,0.77,46,56.0
2024-03-12,212.13753,420.50806,751.855,1030.5854,1264.1619,1372.0764,1749.5281,1502.9155,1212.7524,949.5979,630.3794,490.75146,404.11597,331.71436,271.26636,216.84106,152.81741,108.119,93.24394,67.76056,69.501236,67.365555,72.29265,110.457596,209,90,7,0.87,51,58.0
2024-03-13,264.79883,376.91577,509.12085,620.57544,685.1196,684.6001,636.21094,585.4226,459.76636,341.58643,230.93057,189.7627,160.84088,143.82823,112.42296,71.2549,53.553665,43.867065,39.20819,28.296265,26.804413,30.969193,40.102753,44.10115,60,45,7,0.6,31,75.0
2024-03-14,77.48689,110.53215,140.17908,191.54056,302.2085,377.15796,387.46777,395.20068,371.4912,293.41528,135.50037,142.92522,132.21848,117.952774,103.65964,87.30263,75.758255,61.883026,52.930283,48.1799,53.46341,58.855118,73.91754,109.60043,127,71,8,0.56,59,30.0
2024-03-15,140.83095,216.44525,368.04688,579.93945,732.699,794.12866,788.33813,715.91064,582.34033,456.12036,376.28687,355.05054,368.9253,392.4192,391.4541,373.7671,341.98486,319.364,286.5022,258.36255,220.0513,189.64117,151.37534,137.16328,99,64,8,0.57,48,54.0
2024-03-16,196.84233,312.19604,484.31348,721.9453,813.6189,926.0381,1028.0876,1061.9021,734.25073,325.802,34.32492,26.16008,19.700745,18.24556,24.79869,25.320587,20.698944,25.075165,38.929443,77.053604,126.09123,145.31694,149.07985,159.80142,68,45,6,0.5,25,79.0
2024-03-17,217.11725,312.1499,497.99023,739.61255,791.82886,764.43677,737.5703,645.7478,562.71704,539.3474,593.7102,640.1643,646.27637,616.53784,598.17017,583.1001,565.095,559.6111,521.39966,465.65845,435.60815,397.7251,265.66113,417.09863,129,64,6,0.65,33,48.0
2024-03-18,506.00244,617.88403,714.1609,812.0073,844.31177,842.68384,857.8076,839.8447,631.7717,567.4734,397.50073,294.64087,291.35718,309.73047,259.59692,202.31265,169.45833,128.25304,100.205414,143.00659,148.44983,139.1071,140.9518,250.40855,228,97,6,0.54,30,51.0
2024-03-19,542.8015,649.85864,725.8137,865.5017,1207.4104,1377.3794,1423.325,1513.0754,1564.2444,1558.8342,415.44727,262.2268,175.92606,145.05936,149.97502,149.2409,127.80498,94.421616,56.625717,51.381714,60.377914,65.02255,69.650604,73.78754,187,77,7,0.53,30,57.0
2024-03-20,133.72954,309.9756,771.4702,1470.7734,1561.9961,1598.4331,1593.0322,1522.4927,1346.1736,605.07153,84.56523,82.78999,156.26752,193.23058,195.65013,197.66472,197.5521,203.13765,183.72363,161.40102,147.93546,136.22697,117.6145,139.22884,101,28,152,31.0,8,0.42
2024-03-21,194.16689,281.55542,372.22827,464.2334,633.59204,937.98096,1022.59375,996.635,729.0813,377.0122,250.3099,269.1997,309.70972,380.2251,465.79053,420.43262,355.31152,362.229,386.71387,393.6289,349.25,307.52612,246.69804,288.26123,177,93,8,0.43,33,86.0
2024-03-22,359.0974,435.09375,531.66504,734.87695,921.3335,1142.9106,1317.4924,1390.9377,1376.4175,359.81006,109.1951,109.63817,113.50595,101.596695,77.73422,62.018463,56.371216,58.415665,60.98697,57.13864,50.986725,49.630554,41.61223,55.08275,98,59,8,0.4,24,109.0
2024-03-23,79.47713,132.89107,198.4007,409.12134,607.5679,503.33813,464.3667,321.00415,231.17105,189.42122,161.89922,131.15474,112.814026,101.50748,98.51436,104.96797,114.919586,130.9125,131.6972,111.47032,78.6712,57.097336,16.348175,11.396846,161,78,10,0.63,53,66.0
2024-03-24,29.653732,136.57506,234.94131,282.677,346.41064,412.53613,335.28345,319.3567,313.08838,281.2776,259.26196,272.62183,248.18268,215.40776,191.80382,182.1184,176.0104,180.8861,191.34003,196.72101,201.66824,178.9727,128.62398,123.827484,291,79,6,0.82,55,24.0
2024-03-25,165.70795,234.3668,304.07617,586.6162,751.81226,734.2739,639.0388,639.8352,660.385,705.6255,770.4846,874.2241,829.5244,882.7554,976.37305,1003.97437,1042.4048,1113.6243,1086.5396,1024.6218,1024.7429,999.2529,1025.6799,925.1533,174,37,6,0.65,22,50.0
2024-03-26,1132.45,1189.3296,1221.9578,1230.4883,1313.1064,1308.2961,1261.8362,1209.9673,1164.6809,1071.3142,451.64746,67.27374,80.996185,132.2944,191.62947,220.93436,214.79305,214.58125,231.86444,264.00977,310.66113,351.27612,379.20215,476.68237,35,25,5,0.55,18,79.0
2024-03-27,571.4895,640.2212,685.36816,719.18286,783.5615,769.0896,751.5276,643.52344,410.79834,379.97534,326.38403,334.85938,321.7395,280.7395,231.11963,163.82135,112.84865,108.302704,90.65758,40.655685,64.32568,149.08073,279.93042,367.6443,47,35,7,0.54,23,84.0
2024-03-28,450.44897,432.01318,513.22876,699.3645,746.76807,782.3994,950.8843,995.83374,1053.6763,1097.7139,362.85376,55.3602,42.24321,46.159134,44.935577,55.844543,74.640396,92.5874,118.806625,144.96884,164.78448,178.61018,184.74458,230.1406,45,35,5,0.65,28,48.0
2024-03-29,316.04053,397.72314,480.50977,577.55396,721.4075,953.6201,1146.5769,1264.9221,1168.4048,558.41406,206.6646,181.24495,183.44351,183.67262,145.62119,119.203705,109.91832,94.897415,83.89067,92.15028,94.56375,88.98659,68.292755,87.39851,53,38,6,0.56,35,69.0
2024-03-30,129.3507,197.9748,290.4724,384.54907,484.531,592.60156,688.02026,803.5261,766.1487,432.19507,20.851212,31.705475,34.21585,41.321503,51.189407,93.67172,168.46967,174.6112,171.32701,179.0228,193.24991,213.5663,262.802,293.7788,161,66,8,0.45,45,80.0
2024-03-31,309.2202,359.95972,421.61084,470.9646,474.6499,463.38818,540.64966,683.60815,653.77783,468.2876,275.3806,160.81526,61.78351,28.949966,53.95247,77.252335,93.11499,93.26491,94.06198,103.07771,116.74626,131.92734,146.16478,160.95995,237,105,7,0.74,38,90.0
2024-04-01,198.28401,237.72536,301.59058,371.03003,425.55933,455.83594,480.45898,490.28857,473.0476,474.64624,380.93262,419.7151,538.6289,820.4353,942.04736,763.7593,680.9929,674.4968,626.86206,362.8186,285.4253,275.3899,198.42163,283.3694,229,80,9,0.75,35,107.0
2024-04-02,327.28174,335.07666,385.35522,436.6316,482.12598,491.8789,840.4348,897.35986,840.5908,337.25146,248.31961,105.33298,25.731033,65.67453,179.33684,273.95093,261.02466,209.67764,178.33698,149.72656,133.01965,169.09001,312.30664,447.1123,34,25,5,0.53,23,66.0
2024-04-03,563.52515,614.4221,568.58374,624.2302,777.6511,869.15454,885.7058,877.11597,853.9053,809.71313,738.33936,726.39624,693.43506,641.52,572.2012,497.40503,464.88647,464.13525,474.4829,500.4839,503.44727,508.44897,480.95264,488.24854,8,21,5,0.67,15,62.0
2024-04-04,530.3906,595.9746,640.6487,656.7561,662.625,698.19824,814.10767,879.14844,870.29834,848.95557,382.03833,105.254395,268.5437,452.95264,422.35767,384.261,374.0708,364.74658,351.68115,361.03564,308.07324,237.41489,181.06079,348.67188,144,47,7,0.77,23,88.0
2024-04-05,452.17065,536.199,673.1116,823.79297,950.3877,1049.0234,1106.5774,1097.9265,1022.063,790.80493,374.98853,349.96216,380.66016,372.14038,378.60474,364.2373,314.91504,334.36157,315.95605,347.7605,412.11987,451.83252,401.719,397.77075,134,48,8,0.74,19,110.0
2024-04-06,374.2578,350.59058,335.23877,411.69775,512.6389,535.4404,528.0935,589.323,596.49243,563.6987,317.80127,270.3684,238.6274,181.26292,179.08617,193.95297,168.69582,186.00267,209.56828,217.265,221.05014,254.58215,351.38745,379.79077,84,35,5,0.59,20,84.0
2024-04-07,410.16992,424.82373,442.65527,458.94873,461.86255,462.16406,420.76,422.73486,399.2168,378.41626,343.06128,337.40942,333.95435,343.68066,350.13013,352.33252,344.61792,352.77856,351.33716,343.8557,343.99048,350.4414,301.24243,271.90747,113,37,5,0.52,23,73.0
2024-04-08,322.47852,389.4043,406.29395,393.08008,415.33032,425.87646,447.21826,502.41113,527.8862,511.8125,338.11426,228.50513,59.601135,36.857407,52.398056,67.11879,92.166336,122.650604,150.24194,157.83182,125.89938,110.32655,69.3356,111.75838,47,19,5,0.53,26,65.0
2024-04-09,180.8863,311.30664,499.34302,722.01807,926.9343,1094.2104,1252.8828,1270.2292,1142.9885,814.3843,184.01357,190.07808,211.07913,212.9831,212.7897,217.72878,210.47447,186.13045,156.97089,116.01251,124.795074,157.66766,168.78897,245.6774,172,53,8,0.65,30,94.0
2024-04-10,328.72778,440.45728,554.14575,639.3047,675.92163,706.8352,704.17944,653.6909,566.32495,499.1223,394.51636,366.46875,370.9756,352.17114,330.7495,307.41504,278.9231,267.9983,265.47656,259.43994,246.13577,239.17075,152.58727,155.93085,165,58,8,0.48,29,103.0
2024-04-11,176.11827,219.14685,308.2556,331.48315,354.47925,497.99023,605.38574,650.51855,610.9524,418.761,205.35757,194.81104,188.26756,172.69165,165.76384,184.65884,193.60193,194.76443,203.34894,184.46309,203.20743,201.86998,161.4134,181.97461,119,51,7,0.45,25,85.0
2024-04-12,202.93356,268.5183,316.51416,344.47314,388.47925,398.08887,372.50488,370.11328,337.13354,310.7046,256.97632,225.94243,217.63872,219.8314,215.00563,216.82613,209.9591,195.86488,184.08475,182.9704,179.61636,177.82797,181.16881,206.54988,62,41,6,0.51,40,25.0
2024-04-13,253.88521,352.34058,525.77783,656.6101,706.6428,798.7612,707.3784,597.9241,438.4402,387.3767,316.68555,323.11646,317.98096,330.7788,323.8645,311.54614,303.8667,306.1543,306.11133,328.25586,351.2422,358.65527,320.23535,322.46313,19,24,5,0.55,20,55.0
2024-04-14,298.01978,327.04272,431.15723,520.8955,663.18604,684.031,766.0857,736.4138,339.85254,157.30069,119.92815,64.11354,46.561264,61.153885,149.70457,255.26895,242.60751,195.04942,213.77057,253.26562,322.38574,349.396,251.0176,347.24023,17,18,6,0.56,17,69.0
2024-04-15,402.48462,488.56616,617.87524,773.9431,769.426,917.82153,981.41235,762.6216,606.8137,326.85205,187.90317,186.68742,215.28906,232.49823,220.82779,210.10966,195.04274,147.72401,134.5327,118.46121,87.88092,74.98274,145.27185,172.0075,95,48,7,0.76,22,90.0
2024-04-16,224.56178,351.52637,496.10474,623.91675,673.26196,718.65894,732.2627,691.7471,470.0315,373.3125,388.59546,365.50537,353.81177,344.20068,320.51343,306.60474,303.94653,315.6018,339.67847,368.07568,389.63013,392.63037,399.26562,428.08765,120,50,6,0.77,28,86.0
2024-04-17,409.94336,430.29907,445.68262,458.7556,457.41968,481.1958,531.313,562.8779,529.4741,487.33618,369.17236,337.65186,346.50488,394.73633,314.66724,199.53346,130.7945,135.58554,128.5488,137.38557,108.490906,62.37216,41.349304,81.97157,32,17,5,0.55,19,74.0
2024-04-18,181.16849,379.57056,567.04346,696.98706,769.51514,788.81006,804.49927,824.68896,797.4883,613.52075,254.95714,201.1187,209.29562,237.22905,264.2854,275.67847,261.32642,227.27003,194.13966,192.61102,208.44925,225.50262,229.59802,280.87817,195,74,8,0.74,29,76.0
2024-04-19,354.48584,425.1875,473.64478,512.46265,600.8557,672.2881,678.41406,543.5359,570.01416,540.9883,415.5891,447.6289,470.75195,479.53613,498.05347,510.6184,486.48657,443.0005,385.08887,321.5896,331.45947,414.9087,391.2129,476.64453,261,119,8,0.53,29,75.0
2024-04-20,521.8567,562.2639,687.27246,847.647,950.3977,957.4907,955.47,927.8396,818.15234,757.5513,530.1875,423.6079,279.60376,330.42456,359.698,351.36792,311.99976,271.71777,205.28131,140.67897,96.85213,43.528183,42.3636,100.33287,171,54,6,0.73,16,79.0
2024-04-21,443.68408,689.8855,774.7991,799.55835,901.73047,748.8262,728.6765,681.5925,589.84595,491.52393,249.6182,104.6391,145.95877,210.17754,223.74251,257.47388,282.2395,281.4187,289.28174,301.0879,311.19482,321.87354,305.0254,316.47485,113,41,6,0.72,21,79.0
2024-04-22,342.66455,379.39136,416.19946,458.854,579.2949,660.8645,721.88257,699.2339,676.7644,450.0515,284.28833,280.37744,281.3789,281.0459,288.24072,290.4016,279.09058,271.64746,274.70898,270.636,294.16016,313.83838,291.93237,305.2444,22,23,6,0.65,15,87.0
2024-04-23,347.5691,278.0542,278.33813,281.23657,384.9568,406.47534,589.7649,791.7136,915.75,770.39355,105.491394,40.94896,52.021698,74.38339,67.98021,49.585968,54.191193,138.96802,411.74316,504.79053,385.1172,204.76723,69.002014,92.367874,85,25,5,0.63,18,87.0
2024-04-24,244.878,387.25122,545.2268,859.76953,1143.1631,1252.8059,1295.4026,1209.4324,985.9817,445.3147,197.1324,167.0719,192.32965,221.83926,266.4038,251.85022,213.07983,154.28896,133.22691,173.62053,170.75441,144.40712,137.82129,176.6574,103,38,6,0.58,23,93.0
2024-04-25,254.17738,322.61768,352.51245,408.45654,377.48022,437.98633,517.9475,511.16382,409.3828,403.21265,300.08252,334.7544,418.67944,371.98096,363.1836,306.14087,247.49036,236.53047,201.69225,169.86763,167.66138,178.77344,183.44504,223.59036,73,39,8,0.5,24,82.0
2024-04-26,302.0476,372.06787,405.76807,443.36646,642.9492,749.6272,756.70264,710.3237,516.0984,370.51782,279.7002,241.05096,250.57661,269.60693,283.8943,275.4978,250.87708,231.38423,216.09383,197.0925,200.10266,201.23705,212.29904,255.93361,78,38,6,0.56,13,99.0
2024-04-27,295.49292,443.97363,576.8364,653.98,713.38306,710.68506,760.4934,760.59375,699.0581,633.14014,471.77588,414.52563,402.02002,412.86108,410.8452,399.25854,389.94434,409.07178,421.25806,398.00903,362.96313,359.02173,363.85474,403.73364,42,30,5,0.56,12,89.0
2024-04-28,444.41577,494.2422,510.6521,515.34033,482.85156,494.93433,517.75146,469.9817,320.6394,223.16423,175.31992,144.13716,105.94713,92.12926,77.16943,40.619278,38.709442,91.395096,145.31409,206.1225,264.8694,324.8103,311.9956,360.29712,50,25,6,0.57,16,71.0
2024-04-29,396.19653,407.45288,542.8545,740.917,841.50146,855.49634,842.5325,867.5327,934.64014,891.1133,293.40527,80.5271,118.35251,245.59402,270.36328,247.82558,226.97131,199.57588,193.33559,228.42271,269.167,315.71484,308.27197,412.2771,101,28,5,0.61,16,65.0
2024-04-30,503.61304,576.624,651.905,704.1721,745.905,742.14624,739.9739,746.60986,743.34814,706.7129,655.1362,612.83813,577.7671,534.5259,473.48853,452.5266,491.80127,537.6775,592.7627,652.65234,659.3479,684.4114,507.2146,462.23926,78,27,5,0.51,20,75.0
2024-05-01,505.62622,573.3176,804.7395,1034.2427,1141.3293,1339.2432,1457.0945,1486.2832,1512.7869,1441.8762,181.13739,101.766556,138.20468,183.69565,168.59196,121.413605,101.4086,88.675766,78.84003,71.09003,77.86484,87.50366,67.62158,156.45305,131,32,7,0.59,18,98.0
2024-05-02,282.34326,731.239,1076.3765,1257.9666,1369.9385,1422.0381,1416.8027,1414.1216,1436.0144,1303.8684,558.65674,525.04224,502.15137,485.0559,427.8911,407.62817,315.95435,259.3235,227.01906,203.46428,233.32417,260.386,276.86914,560.645,109,33,6,0.52,21,88.0
2024-05-03,821.8972,963.86035,1026.7083,1047.96,998.12866,973.1909,904.57764,828.05786,709.1577,615.2781,514.29443,460.92554,451.3672,455.8181,495.65503,561.28,590.85205,564.9712,508.1975,532.4446,536.31445,495.96802,472.00903,494.96875,103,29,6,0.39,11,100.0
2024-05-04,519.02075,573.6792,562.8552,538.7654,536.0935,490.06567,472.2207,495.33252,519.31006,480.40308,317.93823,270.68262,265.23706,233.99023,253.14308,281.885,317.5393,316.91382,310.09863,281.7434,234.3006,202.75427,118.321335,137.38899,75,28,6,0.48,16,85.0
2024-05-05,148.64424,289.13477,348.61963,413.59204,457.7456,464.62476,519.25195,512.7427,483.0703,503.21924,383.91064,216.86926,262.95898,296.22266,194.48576,111.03833,155.30692,173.46071,127.273926,74.71643,66.436615,63.066086,83.92247,266.49048,58,24,5,0.73,16,57.0
2024-05-06,491.75684,638.41406,872.13916,1137.895,1346.3579,1546.6812,1638.1609,1569.9612,1379.8608,669.65405,77.482666,25.661896,21.341827,14.981747,13.684069,15.014783,26.671799,53.126236,104.77904,132.80344,135.23134,128.66676,131.84572,168.04944,97,29,5,0.75,19,88.0
2024-05-07,246.70865,426.03833,666.2212,850.1167,1064.6311,1201.9993,1242.8816,1178.71,891.21826,809.25244,77.61757,48.639893,54.26912,60.44603,50.93071,43.30075,36.01323,21.333832,14.6998625,17.080353,27.647995,45.345535,84.46283,230.6456,271,64,5,0.84,32,111.0
2024-05-08,376.65454,638.7527,990.8921,1237.2458,1410.2014,1523.5483,1595.8423,1663.9487,1610.3562,1320.2922,453.1897,382.98486,392.91553,344.2483,294.18213,262.03662,213.8453,161.93797,117.69304,88.800995,81.337524,83.16727,62.35103,289.52832,121,44,6,0.59,21,112.0
2024-05-09,403.26807,548.6792,775.02954,928.80347,999.1926,1012.1543,963.8091,794.49756,603.66626,465.8694,345.85596,326.83667,336.0298,350.073,353.71802,350.54956,331.83545,304.56128,287.91162,279.83545,256.87378,240.81815,208.67795,265.03857,32,23,6,0.42,16,94.0
2024-05-10,324.82788,390.49048,461.73218,531.4685,602.1362,677.46484,802.3469,917.7117,938.3645,481.4419,251.8089,242.86028,256.56982,267.59644,268.50488,275.07153,310.9414,346.4214,356.58032,308.7954,280.0017,249.33472,222.60796,262.5266,92,39,6,0.49,18,107.0
2024-05-11,312.02466,343.7068,358.50635,389.39746,449.7107,550.8684,642.65137,648.6731,163.15416,86.67615,69.91496,27.706223,46.559937,81.335846,131.51376,175.2917,202.91948,242.51253,341.29126,401.8899,436.89233,501.7837,515.29614,509.7268,147,49,4,0.68,21,70.0
2024-05-12,604.01196,731.2471,854.1758,891.676,923.1057,971.68115,1135.0083,1351.9265,1399.6865,1294.9568,224.79852,113.9769,83.79152,53.682526,29.442078,17.472183,15.034992,17.006699,20.555435,26.398712,29.98288,32.212982,18.297928,52.869415,184,63,4,0.65,16,88.0
2024-05-13,196.88321,470.65674,1015.854,1463.8599,1612.4038,1674.8823,1691.0798,1706.9678,1507.3828,1237.801,188.83528,183.12029,183.68848,176.33102,171.0702,168.09045,154.7152,127.02449,101.761185,87.41499,75.65468,63.613434,50.077347,101.013885,207,89,7,0.7,33,95.0
2024-05-14,194.34839,357.0088,666.5408,962.49976,1037.9438,1043.2224,1034.2366,977.0215,698.9375,378.1172,231.37827,190.75519,189.04051,190.6735,190.47612,179.66277,158.19153,123.289795,88.487,55.837036,40.558456,40.7128,30.05217,67.72041,154,55,7,0.52,20,123.0
2024-05-15,171.41122,282.26392,481.78198,1247.5095,1240.7317,1168.0269,1252.5745,1153.3735,1159.1125,1172.8306,806.6904,343.3208,299.80103,220.47188,147.41245,91.10193,39.8833,17.057114,21.874527,31.977646,50.746338,76.81726,106.622055,224.92279,164,57,6,0.6,23,100.0
2024-05-16,449.6494,583.05347,680.6367,763.66724,847.5227,905.8181,947.7617,966.67017,893.05005,670.0134,137.38779,125.1306,127.6564,136.95157,160.09978,180.5376,187.17026,184.2423,177.65096,171.90874,160.82175,149.84113,138.75534,187.43045,77,39,6,0.47,25,99.0
2024-05-17,255.18239,321.88477,383.73682,452.19482,540.999,661.45166,811.3386,938.8225,904.9956,377.52197,204.43224,194.33534,227.44962,255.78123,267.9973,261.1797,242.85005,221.04114,181.54625,143.38315,128.83301,129.6631,116.49776,188.02328,175,51,6,0.58,21,128.0
2024-05-18,284.91504,392.10303,495.23096,588.64307,671.6355,730.46436,754.04736,683.4573,567.3423,474.20288,385.69946,361.54346,378.7854,392.74146,387.02222,369.27344,347.34473,328.2251,317.42212,304.61255,286.4026,277.6714,292.9734,398.61426,83,40,6,0.54,15,110.0
2024-05-19,528.04175,630.03516,714.56714,792.36597,856.16895,879.37695,871.42896,792.3989,657.83057,566.86865,447.9773,389.34766,354.86987,341.865,344.23413,348.20752,363.31104,355.66333,324.3777,314.0913,304.35693,293.60107,302.65723,387.65234,118,35,5,0.56,12,92.0
2024-05-20,506.32666,669.9187,833.61304,1024.2161,1053.8357,1159.9324,698.302,621.59375,578.0017,503.07983,414.70972,376.60864,381.65527,381.5149,369.07593,358.76562,352.52246,346.73145,338.9536,357.77026,386.8269,409.62598,453.1328,524.05664,153,32,5,0.6,13,81.0
2024-05-21,691.6238,800.8513,944.8074,905.0388,885.84375,825.57446,752.5637,671.97974,617.7014,569.73047,498.63647,433.45264,393.31274,390.34985,396.7478,386.2932,371.4568,351.20044,287.3811,201.02403,207.03592,233.08282,177.14798,229.18947,75,27,6,0.58,13,74.0
2024-05-22,360.84814,444.96362,475.65234,484.4016,495.83325,578.79834,613.67285,664.13745,635.522,579.7378,332.52783,256.90723,297.13525,300.56006,299.94678,294.9983,291.06372,288.36206,274.20605,251.03046,230.3464,223.71684,256.73682,353.4707,119,37,7,0.56,18,85.0
2024-05-23,487.6294,612.2239,887.52783,1108.0747,1016.0979,1032.7739,1009.5498,971.2075,471.14648,370.32153,290.1206,264.4087,254.12436,254.5155,240.96379,216.84183,196.29109,178.50017,162.0756,161.91382,167.83528,160.26497,194.369,269.67236,127,31,6,0.6,14,108.0
2024-05-24,361.438,453.91577,554.99146,668.1731,738.9104,797.5034,857.70386,762.40576,630.895,522.1682,374.2422,335.56128,342.31543,358.73682,361.67285,367.8125,351.58228,309.24902,275.16895,282.92432,304.2041,316.4519,347.32715,425.91797,137,29,5,0.59,11,101.0
2024-05-25,525.5039,631.4844,743.22534,825.75464,903.4978,946.32104,936.8948,560.8384,515.5857,493.17114,415.07324,397.50098,377.0354,366.51587,373.87012,378.17578,335.46704,344.71558,367.50537,375.10962,325.00757,269.7661,238.3006,362.92163,63,20,5,0.56,10,84.0
2024-05-26,428.92822,532.3015,738.5432,1131.2676,1459.199,1429.763,1267.1516,646.7124,471.87183,336.50854,133.59457,133.19026,144.52797,124.408646,125.97528,67.166855,159.89302,221.81802,257.03247,313.26172,339.12012,361.34326,457.77173,507.08618,123,28,5,0.53,14,77.0
2024-05-27,505.95093,608.4236,638.8064,619.98267,662.0947,721.92676,723.96533,697.76245,734.2749,767.77954,800.5669,821.7888,732.82227,676.8718,693.6199,679.4614,637.6572,295.79053,199.95264,255.77357,332.9109,353.88086,323.1399,489.1543,151,23,4,0.6,14,85.0
2024-05-28,590.1655,685.5366,1062.769,1347.9507,1560.1772,1768.0701,1865.096,1905.2808,1848.7961,1584.6726,318.77026,211.34145,196.81824,162.074,122.87279,98.084625,87.14369,57.15706,39.069534,34.006454,39.618973,59.210175,63.622635,228.08643,122,19,6,0.52,16,106.0
2024-05-29,640.68604,815.8672,938.9907,984.2158,971.90967,924.7124,885.01196,824.40625,755.854,681.105,595.5193,553.14624,573.81445,584.63794,549.0757,508.9187,468.98462,444.2373,405.7307,359.99048,307.3872,278.19263,235.25111,309.04175,105,21,5,0.43,25,86.0
2024-05-30,457.21704,490.35034,504.7168,602.20337,731.6172,722.4614,777.69995,719.29517,249.75943,226.58905,179.79936,195.67194,191.47246,62.899887,59.432602,52.80847,44.57048,64.203094,115.36081,171.63094,186.60052,208.77615,249.47314,343.00732,212,40,5,0.57,14,118.0
2024-05-31,344.08887,332.66406,400.8916,467.15747,488.7649,415.0769,368.32568,271.94922,109.72301,133.20859,138.43251,139.46432,102.74626,84.839264,74.250885,93.877045,80.73735,82.319336,84.839325,67.550674,51.01747,45.89073,97.71118,219.82065,134,28,4,0.73,18,86.0
2024-06-01,289.54004,273.948,267.85962,313.11987,410.92847,467.56372,565.70996,645.188,746.6853,772.5476,335.53198,410.11035,437.67334,433.36328,427.4734,426.9756,379.02515,301.29443,260.66846,225.34763,215.61903,162.39258,176.15135,402.3911,159,26,4,0.53,16,102.0
2024-06-02,631.6936,824.9192,964.9968,1143.8042,1189.1616,1186.521,1077.6924,1023.1367,923.3286,782.781,299.60425,150.79791,154.96274,114.407074,83.34973,88.97479,105.86252,108.48387,83.189224,55.986435,50.602737,46.387833,34.12137,97.068054,106,17,6,0.39,14,107.0
2024-06-03,174.01035,301.25537,487.22534,659.3452,752.1172,846.1433,905.03345,914.2224,883.24854,779.77783,48.066193,42.718704,43.19388,44.90001,32.060425,24.065216,64.54053,122.0612,127.32033,125.32219,136.1669,156.45457,183.21959,236.9687,231,37,6,0.37,23,135.0
2024-06-04,318.8689,445.82666,592.532,813.844,1030.2307,1216.4343,1374.1035,1394.1204,1314.813,962.1604,339.4524,356.50903,397.531,369.5608,348.96094,336.7478,337.4768,347.04956,379.00635,396.62012,433.21167,461.67847,474.73608,454.24048,280,58,6,0.57,15,156.0
2024-06-05,430.87524,419.6875,397.39502,373.22607,389.20874,398.11597,440.79932,418.3108,438.2317,532.2024,557.6355,645.46094,606.8196,591.08813,647.2102,689.896,642.0913,573.91016,543.8435,543.6155,539.78174,523.1699,551.18384,544.21875,223,41,5,0.52,12,132.0
2024-06-06,499.28687,499.82788,506.28027,556.87476,564.13574,633.99805,682.52637,818.20776,831.5408,821.6675,610.2014,489.78198,438.00537,355.4651,276.46777,214.27264,144.82695,146.09785,156.66118,196.35873,188.71632,211.3489,266.50293,504.86426,140,18,4,0.45,12,118.0
2024-06-07,579.11206,720.98755,931.54736,1007.6848,908.8225,912.39233,769.3296,726.3008,713.03394,577.07153,448.00098,386.1289,386.83618,343.96484,318.0376,267.7246,212.21205,176.76852,132.75743,46.61348,16.42871,27.009552,35.73387,137.4794,112,19,5,0.44,13,101.0
2024-06-08,332.9099,581.2683,815.0967,990.969,998.44116,1102.4436,1220.7971,1093.4104,804.4219,493.46484,85.32332,123.29222,202.08841,222.75644,213.12009,189.67836,153.95569,104.683395,89.70566,99.125,94.03937,86.16087,37.340546,70.92641,218,30,5,0.52,13,119.0
2024-06-09,82.5403,119.71411,218.50092,596.73315,774.5791,912.7556,935.29395,1002.84766,950.30664,780.27295,217.41608,159.8101,135.38033,134.31352,162.01385,165.07368,151.4208,125.34949,132.20158,165.93057,284.21606,349.31982,463.77295,424.1797,171,20,5,0.43,14,115.0
2024-06-10,387.0398,360.86865,387.92432,438.28418,561.13306,648.13403,604.0415,595.1128,573.3694,565.64795,502.28223,479.81714,503.39355,491.69336,492.3081,491.52637,449.21484,397.87866,369.0669,320.83887,272.29492,235.97069,247.0461,318.33105,152,20,4,0.53,12,104.0
2024-06-11,370.8391,422.3684,443.66992,492.1084,498.03906,491.35303,466.18262,491.66895,481.34155,404.6626,321.02588,240.13173,272.8955,301.43286,281.64868,264.94092,263.70288,238.97351,183.95966,113.60199,73.42406,53.252594,54.96347,221.64314,82,17,4,0.59,12,79.0
2024-06-12,252.40501,294.37915,378.0,392.73022,518.948,756.26074,804.2864,764.48413,673.9866,598.6919,232.73257,138.85507,149.23653,171.21292,170.16983,161.89781,151.27518,122.78308,94.807144,67.95775,48.62764,46.899002,87.59819,145.7261,141,29,4,0.63,19,82.0
2024-06-13,236.7747,371.56958,527.49243,873.9487,1116.8926,1156.9268,887.7971,716.6758,432.71143,305.636,298.55835,307.68848,324.29907,309.55518,273.688,262.66553,265.46948,245.46089,232.36179,225.61508,218.85754,213.45874,206.58463,284.79028,222,38,5,0.64,16,121.0
2024-06-14,399.52466,543.98,627.4133,796.4199,721.54565,815.49854,801.8147,793.1294,535.90186,426.88867,356.4973,306.19556,302.19873,297.13745,273.39258,238.66261,224.5107,199.77519,171.99391,144.14616,109.91034,102.07869,134.2222,201.89316,194,28,5,0.61,17,111.0
2024-06-15,308.42554,571.29614,762.905,874.1802,934.2915,1054.8823,1094.6177,1039.2046,950.09204,503.10303,249.71841,204.55226,181.46965,173.40642,169.92278,151.75874,117.249084,97.09784,95.17439,84.29196,86.50009,83.93849,114.26393,157.5493,203,29,4,0.57,15,112.0
2024-06-16,232.8615,397.88843,714.08105,836.7739,917.20776,932.24023,912.8413,804.5364,723.45776,613.2588,504.83447,520.58325,493.39844,499.20215,516.3425,565.56445,617.83057,607.18994,629.21704,555.7715,234.75146,121.96939,229.18758,630.6533,159,22,5,0.53,17,105.0
2024-06-17,877.06494,919.0691,957.8767,904.5669,912.15454,919.5659,932.43164,933.3435,890.4553,741.10986,507.6582,303.8042,305.2661,298.24,275.71826,266.4817,272.50073,260.7202,225.05722,196.8704,194.0226,182.94421,152.47537,353.08423,158,17,4,0.54,10,117.0
2024-06-18,549.3386,732.4741,902.6765,999.37866,1037.9622,1049.4429,1026.9282,976.8804,883.2698,727.77734,548.8965,521.57495,524.8484,495.20044,451.15112,410.13745,363.1145,359.2976,348.781,326.59668,329.667,319.72144,255.24892,224.65689,159,21,5,0.56,14,114.0
2024-06-19,233.49557,245.97046,287.5022,348.82764,366.08325,437.6455,445.9546,430.4917,341.43164,335.0952,278.93896,275.8728,272.26538,258.90454,291.38965,275.7495,253.62373,204.80688,211.8049,168.59212,159.42796,182.84831,202.297,317.063,46,18,4,0.62,17,52.0
2024-06-20,321.61182,299.19043,282.99927,297.6682,362.68066,511.1709,539.499,656.1931,634.6333,613.0405,353.43994,193.24248,199.57698,136.91927,84.42111,69.81177,77.6763,87.83414,83.499435,93.98906,124.55472,152.41475,185.39816,159.34108,12,13,4,0.66,15,43.0
2024-06-21,93.99176,163.76381,183.41432,210.16461,217.4782,297.03418,422.2434,492.08618,487.29443,438.58105,200.12474,179.3072,193.51985,140.17299,164.64835,191.43681,176.68439,166.40387,161.73132,189.31612,235.87717,260.11377,269.4187,273.24194,171,35,4,0.67,29,35.0
2024-06-22,306.80298,578.032,1085.1497,1260.553,1331.1194,784.2175,393.59375,239.73119,182.04138,81.53433,45.22612,44.860703,54.194016,158.95215,334.01245,494.65625,554.4512,613.18115,696.9778,615.8928,402.01074,314.63477,408.46704,491.6411,161,31,3,0.6,21,50.0
2024-06-23,630.65063,453.46045,361.6577,396.37207,312.01978,236.54272,201.90366,224.46892,227.74396,227.46468,305.24048,268.41064,233.29353,164.24832,124.85704,121.22307,118.121124,122.4256,114.34857,93.68892,47.713608,51.57068,110.87663,138.1313,92,20,3,0.54,14,77.0
2024-06-24,129.42746,211.25385,269.5061,357.57373,437.23804,574.5825,474.6875,183.96419,278.55225,270.0913,245.95444,259.75684,266.9165,266.386,229.28923,274.73853,285.30615,266.6311,228.00766,194.30492,178.60742,130.31801,89.1333,78.34335,91,23,4,0.64,25,39.0
2024-06-25,123.647385,296.55957,370.46997,368.52075,400.8291,393.78296,391.4729,319.29468,311.35156,309.29053,244.08827,204.3312,285.63696,305.36597,336.6958,354.6433,380.40967,437.42603,485.35913,488.45776,370.30518,231.53618,102.6799,240.32666,112,19,4,0.53,16,84.0
2024-06-26,338.55103,350.15918,453.92358,492.16968,435.16602,366.6306,269.14893,290.21436,262.72485,258.36572,250.15224,83.98738,73.24014,142.5156,194.69064,201.95964,201.76967,243.68137,288.83545,258.16406,238.13794,232.7759,131.9177,130.83545,43,16,4,0.61,18,59.0
2024-06-27,160.47339,191.28836,243.65334,313.98877,362.87036,354.49756,328.62378,317.08862,272.04224,202.368,146.36264,118.75128,131.21136,177.46806,125.23845,123.10176,99.58786,87.14714,80.42844,68.54146,49.011673,39.662415,25.307892,28.090698,17,8,4,0.58,19,34.0
2024-06-28,40.411713,76.28668,156.80571,289.77563,335.5752,292.0276,222.63292,245.11876,325.92773,356.83374,258.29565,285.88477,290.4873,281.13306,353.22144,415.1643,419.2246,450.68994,503.91138,511.3789,536.14233,573.75806,574.6831,515.3374,46,15,3,0.55,17,29.0
2024-06-29,489.41528,666.4324,819.3425,1103.3616,1227.5605,1140.2332,1251.2009,1311.8384,1413.4182,1106.1238,802.7732,297.61572,125.92183,74.95154,46.863556,45.95984,52.995316,55.992355,71.94652,105.627304,157.9766,173.6636,179.05281,149.51628,161,30,4,0.55,19,58.0
2024-06-30,93.034744,86.798584,77.986115,88.057755,117.64761,117.4818,77.41759,82.0735,71.20857,48.026077,75.88594,170.99823,244.30617,256.31226,212.23799,201.58078,200.286,186.24484,162.2525,147.56406,181.53775,194.72398,116.649475,113.527115,119,25,3,0.61,19,36.0
2024-07-01,159.92752,159.30907,226.09663,483.98047,691.1621,645.38403,651.928,289.23804,267.82788,287.5979,189.69843,149.06685,167.36346,181.55925,203.35141,228.06674,240.027,257.7068,292.48828,374.2295,483.23364,565.52637,579.897,767.2898,181,31,4,0.64,14,75.0
2024-07-02,1046.5469,1281.7253,1433.4929,1484.7627,1592.3787,1722.2039,1668.5723,1291.6938,903.86426,553.28613,355.03003,325.2937,264.6018,271.80542,262.1101,184.62366,78.06778,61.50461,45.146286,34.897003,29.243729,29.108948,51.390106,108.50424,72,16,3,0.49,11,68.0
2024-07-03,225.62932,502.91992,744.6577,866.75415,1005.53735,1075.3252,1083.3118,1031.4026,928.3882,544.0288,120.313385,117.18581,118.69563,142.62103,111.04208,115.46132,142.7217,160.55782,156.33215,146.57521,139.41519,140.96767,112.23724,177.54845,179,24,3,0.53,13,100.0
2024-07-04,298.93335,448.11475,614.4758,912.50024,1213.1194,1454.1992,1553.4612,1569.0889,1515.178,1234.6482,307.3994,153.83078,127.45976,146.8822,161.24298,170.07854,168.80229,149.93774,118.756546,96.5647,80.951096,69.15962,93.376755,131.5476,185,30,4,0.4,17,77.0
2024-07-05,240.932,481.91235,881.824,1140.3198,1249.1426,1346.3665,1444.3496,1427.7095,1405.0872,1059.5496,148.75859,84.85161,81.752914,83.51259,99.07182,128.54654,154.8335,180.13287,243.03596,320.7505,331.14136,322.6931,302.41064,300.18237,250,34,4,0.44,20,104.0
2024-07-06,356.89966,500.6206,884.6843,1200.3938,1406.7256,1529.0232,1585.7986,1626.9014,1501.9951,861.0276,175.68709,72.74896,68.75734,85.498535,107.75606,136.88814,173.49014,191.66508,189.55287,184.23698,182.2296,169.11525,169.8319,231.18947,231,35,4,0.52,16,93.0
2024-07-07,336.28467,548.4492,1020.5437,1301.6382,1375.1504,1440.9441,1488.9463,1481.9106,1357.8452,1209.0144,72.00151,110.55524,190.99695,250.25893,260.37183,266.3308,267.44824,254.04448,255.89323,254.42667,260.58765,270.55566,240.66753,261.1006,254,38,4,0.53,19,96.0
2024-07-08,311.8369,482.0171,1072.7283,1425.8599,1428.5835,1547.7595,1621.6108,1621.3809,1552.312,1341.4766,53.38034,51.775238,110.87633,163.54152,232.61574,291.1084,335.24927,363.4558,340.38892,291.70874,276.72827,246.69832,216.9736,244.21521,244,37,4,0.57,14,101.0
2024-07-09,324.51172,418.13037,541.53,761.3679,1021.98193,1078.8428,1149.2283,1179.8416,1165.2866,863.3115,487.35278,193.06967,112.35492,114.30287,164.00862,239.6091,305.7981,339.24268,335.11694,322.17676,293.96997,286.77637,358.177,400.55493,173,32,4,0.54,16,85.0
2024-07-10,540.8955,673.27515,757.53564,725.74756,686.3425,703.1609,628.55396,487.7373,340.7107,332.18726,67.94992,67.500885,112.47522,181.64328,196.02899,194.11092,186.7035,191.67601,179.80176,163.90813,171.99384,174.65915,169.25412,241.99428,161,36,4,0.62,17,82.0
2024-07-11,286.52246,378.4187,355.56787,434.59644,418.9209,392.72314,492.0437,621.1301,577.76733,396.34668,313.01636,243.52522,243.95093,218.51207,196.45868,168.68715,148.74434,111.633026,101.81067,97.12956,105.47511,147.91785,243.2177,296.1704,119,28,3,0.76,16,79.0
2024-07-12,317.1084,344.073,356.67603,359.19458,289.68896,261.74805,294.68164,275.15405,300.28784,319.8745,267.62256,208.57315,208.2409,248.56874,280.47314,279.04663,268.4297,253.64363,241.32898,193.84166,131.16669,101.989044,44.812744,54.33139,91,19,3,0.72,18,64.0
2024-07-13,59.812454,203.3311,227.69229,211.7585,288.92725,368.6631,490.74,458.74414,453.38818,203.87236,148.01575,123.22539,137.31996,94.95897,55.725754,43.059998,47.6743,102.18492,122.63095,96.796814,80.24426,31.127106,47.38382,186.9981,163,29,3,0.75,29,40.0
2024-07-14,321.4309,440.14038,553.33984,545.2158,548.8508,324.85693,369.61865,390.71216,402.36182,336.79272,42.646942,32.791687,53.40483,91.572845,101.56615,147.47972,183.10344,180.11038,156.53737,151.85184,148.70251,145.71822,121.40018,146.21094,177,27,3,0.68,23,51.0
2024-07-15,215.52385,268.3147,295.35278,352.60742,384.2329,423.82422,459.18896,468.79956,450.11987,295.563,113.232574,133.44406,131.8339,114.36076,80.29126,97.07938,169.48013,187.66873,227.36482,316.98804,433.7439,536.844,398.1848,538.2483,278,43,3,0.65,27,92.0
2024-07-16,634.228,694.7007,743.1797,813.56055,916.0149,1020.26855,1136.6191,1208.7004,1145.4517,746.3452,162.44084,177.67294,259.67285,379.17065,463.81592,459.15088,443.13232,464.77148,458.02954,459.25684,469.30347,436.05615,274.55957,385.70386,158,20,3,0.44,16,75.0
2024-07-17,458.43164,529.281,619.3279,716.6609,852.97754,1058.2119,1219.8774,1191.9722,1053.4695,711.8921,185.17082,79.43599,163.00087,236.02336,273.4895,317.54053,353.5298,348.47534,329.41772,314.61475,292.78833,281.3435,248.71416,322.85107,225,29,4,0.41,15,87.0
2024-07-18,491.9475,752.93555,1081.6953,1219.3926,1475.3218,1983.2249,1690.2849,1580.0718,1222.936,528.2317,201.92166,176.78838,174.61021,160.82396,132.59975,120.77756,123.87497,166.62462,229.29045,218.98247,185.39536,160.69565,129.4407,153.26111,242,34,4,0.47,24,63.0
2024-07-19,232.06818,304.95142,829.42163,1217.8411,1406.3103,1596.0239,1085.1477,986.2859,931.70435,721.9104,238.34138,138.7612,111.60562,98.32234,117.35632,144.98743,170.90176,172.50087,182.4527,201.33127,236.75627,283.83667,304.4712,373.64014,238,28,4,0.48,20,78.0
2024-07-20,453.34814,501.3667,584.69946,774.63696,1092.2544,1398.9473,1659.2625,1751.7219,1744.5967,284.49756,86.47461,64.38315,75.55304,102.41655,135.10905,183.59575,260.04077,308.11792,305.24585,300.36133,294.05957,261.917,185.53087,285.0542,271,30,4,0.56,18,103.0
2024-07-21,385.0442,479.19385,592.6985,736.37256,1168.042,1474.1711,1406.6687,1264.2458,967.8015,502.66455,244.33298,233.23834,271.0127,310.91504,336.56543,389.58276,436.45312,452.69238,476.21265,502.22803,510.12085,500.85474,423.18164,485.135,286,35,4,0.55,17,100.0
2024-07-22,533.44727,601.1406,707.6753,841.9573,1044.543,1345.3123,1535.2036,1577.8784,1354.2612,481.33984,356.25195,368.5061,429.68726,463.66577,505.4873,542.468,553.5322,559.4158,531.8364,408.88184,305.61475,347.3169,239.01004,374.24756,227,28,4,0.44,12,89.0
2024-07-23,517.5027,610.6487,721.7234,854.92114,1002.905,1100.1343,1112.6455,949.10156,674.8181,559.92114,433.18164,397.93628,453.31348,515.52344,526.0303,529.89624,549.3557,558.3616,500.98486,386.4248,397.89307,469.78174,468.73682,572.93555,114,21,4,0.4,11,69.0
2024-07-24,705.1113,868.9475,1071.4338,1213.0747,1272.79,1229.7297,1239.2661,1155.1462,1079.6572,948.1455,736.07495,752.4541,787.1194,879.2014,967.5044,980.9807,936.25,850.94214,811.58276,828.63135,868.791,848.8425,887.042,972.16235,48,20,4,0.42,6,47.0
2024-07-25,1163.9297,1270.8767,1296.0623,1255.9307,1237.2092,1213.6973,1186.6443,1135.842,1119.4736,1067.95,800.8474,882.0171,880.7678,961.37036,978.6411,930.4885,935.5166,929.3506,921.66406,983.9126,1045.4106,1094.457,1055.3252,1068.2764,84,23,4,0.4,6,44.0
2024-07-26,1061.5249,1135.9548,1052.6653,1017.2927,1006.43335,1029.9829,1140.1643,1077.7832,1020.2102,1048.228,909.46216,848.58887,881.77856,1005.40015,1121.1101,1249.6963,1267.0938,1269.2356,1220.0862,1222.5171,1155.081,1121.8882,1137.4009,1168.8315,87,20,3,0.51,7,47.0
2024-07-27,1386.6311,1414.1047,1406.3638,1521.0933,1579.3308,1646.21,1536.3972,1584.5625,1483.4099,1355.4756,1581.6218,1328.5327,1161.5742,1038.5247,947.28613,882.94165,825.37036,848.13306,867.6638,865.18286,883.0547,872.1687,918.38135,967.23047,82,18,3,0.49,5,51.0
2024-07-28,1063.884,1143.0452,1253.7166,1366.7693,1520.4365,1601.9336,1560.2883,1541.3508,1471.1809,1280.4385,660.42505,598.8179,662.5088,707.58154,694.8496,662.41187,644.4971,641.333,626.7141,586.15454,548.8718,505.9348,413.0559,579.0525,106,17,4,0.39,6,57.0
2024-07-29,690.9614,794.2988,906.32104,1070.2788,1290.0498,1466.2639,1527.9937,1538.7053,1390.6409,959.666,423.04956,372.1538,406.94824,488.82495,521.82715,506.5786,495.563,516.65454,521.1323,474.22852,419.34375,394.9558,373.25244,504.67676,140,17,4,0.36,10,60.0
2024-07-30,603.416,704.14233,854.1897,1085.5701,1360.2119,1463.9524,1493.1936,1566.2305,1297.0046,731.5066,577.6321,531.6929,586.9463,614.2554,613.4319,609.72266,627.6245,668.1968,687.07764,632.85547,569.7217,503.6787,456.15625,472.70947,128,18,4,0.35,10,60.0
2024-07-31,535.00977,691.729,1138.4395,1537.3801,1777.5249,1963.3708,1964.9414,1924.3845,1721.4788,1442.6406,509.18408,348.76074,315.42114,316.71118,329.28125,321.23535,346.13086,369.3064,365.24976,350.865,322.95703,308.698,261.25757,369.73877,248,26,4,0.41,13,97.0
2024-08-01,988.4983,1423.138,1612.6057,1797.1345,1971.2756,2070.8274,2143.503,2150.7112,2134.9177,1881.0125,1431.3123,120.73506,132.88487,155.14015,141.26752,119.617905,88.093796,60.46463,67.76837,81.78914,90.36305,87.76436,146.12798,224.73805,239,27,4,0.45,16,91.0
2024-08-02,637.27,1316.8362,1571.4954,1714.595,1880.364,1983.5952,2005.581,1982.1982,1827.1941,1784.3049,1688.4368,441.07275,461.24854,472.89355,412.08252,352.3059,312.792,263.72998,219.58568,179.44023,151.77579,136.33499,121.40253,211.9606,294,33,3,0.48,19,111.0
2024-08-03,393.90576,660.35767,1225.3992,1669.5449,1813.5989,1879.6775,1967.7822,1951.0723,1448.3694,623.4685,534.35767,411.86646,443.71948,519.8247,510.17627,419.60693,325.38843,323.17798,215.74908,146.233,161.1641,199.33447,174.3432,303.3745,313,38,4,0.62,17,134.0
2024-08-04,470.32886,678.5901,994.0176,1463.5842,1818.4541,1854.9963,1659.4587,1776.8528,629.08813,584.7986,366.27808,319.40356,302.5808,296.49243,280.1377,265.4143,266.90186,260.0205,230.78806,178.14053,116.89679,97.75331,103.01341,226.66896,311,35,4,0.62,21,97.0
2024-08-05,369.489,580.9995,881.90625,1316.7695,1489.9119,1541.9797,1516.7158,1365.9646,1110.8735,610.18823,467.9353,374.83813,378.60547,393.99414,362.59595,361.52124,368.9209,362.66528,308.9192,265.61865,241.72484,251.76204,209.71422,340.8501,326,46,4,0.77,23,112.0
2024-08-06,478.7815,677.01514,930.0935,1166.6912,1358.1228,1458.3081,1418.9338,1313.0608,933.14453,691.8335,541.62354,475.2705,454.09082,457.1443,466.75635,453.49072,431.25122,411.22827,386.89307,352.9187,331.03442,305.83105,278.87646,367.63208,265,36,4,0.66,15,87.0
2024-08-07,481.79102,641.40625,838.45776,1081.3792,1353.4834,1696.4109,1760.8057,1622.7874,1361.7231,691.14575,440.57373,396.63306,390.23047,399.32886,388.65918,367.00415,323.58105,277.61865,249.45859,223.84879,204.82256,193.23296,188.46869,308.19946,304,43,5,0.68,13,92.0
2024-08-08,472.02002,669.979,951.7168,1378.3608,1669.0791,1932.6079,2043.5127,1936.1812,546.76416,555.87134,448.5515,239.33142,278.40063,257.1848,229.8509,201.31476,184.61908,166.21133,155.02664,137.23729,125.62637,113.947525,55.093674,161.68416,317,49,4,0.7,18,113.0
2024-08-09,333.9214,532.7991,812.6052,1312.5288,1654.1597,1825.5527,1928.9976,1854.6179,1688.6538,687.34204,541.0032,524.50195,147.02501,179.83893,193.73764,207.06696,243.66637,273.66382,250.26677,193.74612,174.3317,202.00319,173.52588,299.71753,300,43,3,0.7,22,118.0
2024-08-10,453.26147,641.6846,978.85596,1499.1692,1901.8364,1959.7778,2101.2756,1982.6245,976.39355,560.8164,335.45508,292.2998,262.73364,228.77043,253.96176,266.31006,273.49,278.24634,292.0171,228.80843,168.71353,190.2206,52.664566,253.11833,258,46,4,0.7,18,114.0
2024-08-11,514.61743,674.30273,840.6008,1311.4578,1837.4727,2197.5823,2234.2793,2009.5923,1951.5383,1282.656,220.91698,131.25322,159.52698,308.54395,289.45605,256.50806,234.00467,87.17409,71.84311,91.785355,119.827835,122.084915,177.10602,283.3247,259,47,3,0.74,17,118.0
2024-08-12,528.0742,737.355,993.33813,1120.7493,1074.1499,992.8401,1108.0569,1078.7949,1124.061,584.6272,332.261,238.52438,177.44383,176.43637,188.67653,137.77292,135.31276,165.84447,167.0978,149.69588,129.10489,104.19037,158.02292,227.72668,219,38,3,0.75,19,114.0
2024-08-13,461.2212,732.7014,982.3721,1169.9236,1132.8735,1022.2717,817.90796,729.1963,818.7678,871.8694,485.2417,514.72046,405.07568,200.74693,170.59636,208.8038,201.26529,250.26956,299.0078,291.5459,295.71753,340.0974,140.83946,354.40576,214,32,4,0.77,17,106.0
2024-08-14,684.9917,865.9219,1118.5676,1324.565,1361.5769,1328.8955,1305.3186,1207.3091,1153.688,1047.3091,668.7556,355.37695,290.68872,310.8152,361.0996,393.729,418.69385,385.81567,295.97144,240.27025,246.9441,245.9418,253.26924,410.8645,172,35,4,0.58,13,69.0
2024-08-15,662.84766,973.2346,1194.0608,1253.862,1313.3428,1404.4805,1364.2742,1310.0251,1284.4846,1200.3242,472.89453,359.77197,310.37866,288.9922,304.00098,341.82935,323.31274,308.50293,225.72331,209.95517,224.04218,225.4634,208.998,338.07227,129,26,4,0.59,16,83.0
2024-08-16,544.2742,795.8657,1127.189,1351.6641,1523.1155,1625.3105,1515.7412,805.853,980.09326,980.3928,1004.353,536.9607,529.79126,532.91846,541.1306,510.62402,414.66553,300.8435,205.61797,165.76668,147.65697,153.8663,153.35757,543.8633,212,37,3,0.53,19,65.0
2024-08-17,873.7412,1113.4756,1299.5881,1458.7649,1583.8184,1687.1831,1675.5762,1634.5747,1354.2261,1071.2961,825.7461,622.8723,638.6189,612.00415,596.84204,541.47485,493.15332,416.7234,303.67383,257.54077,274.93896,305.37158,329.82812,506.16064,129,26,3,0.49,15,71.0
2024-08-18,691.65625,918.6909,1133.9927,1318.8826,1427.179,1440.9658,1395.1106,1275.9102,957.74976,859.43896,856.8308,762.2239,699.1411,689.75586,624.1665,525.4614,450.80713,409.9978,401.57373,370.51733,353.8225,372.84888,426.6101,565.66064,94,22,3,0.47,12,70.0
2024-08-19,759.7009,1012.1343,1298.4961,1478.6475,1562.9534,1545.7808,1531.4136,1182.5452,1180.4126,1157.3313,872.67505,619.4995,547.02734,508.98315,518.53516,508.0332,494.50024,485.77148,473.09766,458.8921,472.40015,462.65015,380.30127,527.42456,66,18,3,0.46,10,56.0
2024-08-20,688.29736,923.9541,1086.9585,1307.5493,1509.6853,1463.1411,1406.6799,1400.0632,1330.165,1094.0852,180.75247,72.080444,85.57939,157.24287,106.685425,106.89163,109.47545,76.76776,100.1687,94.26564,117.50389,141.14983,139.50226,389.70386,135,24,3,0.47,13,75.0
2024-08-21,711.64844,949.70044,1189.0327,1341.0647,1408.9548,1515.02,1470.5071,1117.4453,547.4302,445.16895,455.72192,441.6006,423.46826,413.63232,357.89258,341.16455,321.30786,280.44556,204.01154,131.67186,108.54237,109.53081,108.4554,175.10046,173,25,3,0.57,14,75.0
2024-08-22,256.3811,535.67944,952.09375,1228.633,1401.9612,1511.8813,1547.782,1556.5254,1525.1458,1358.3896,142.13797,143.07019,255.39108,298.9536,266.05273,258.6455,243.75015,213.26518,173.50064,142.85475,113.014175,92.03281,50.73413,149.671,209,31,3,0.62,18,107.0
2024-08-23,312.6936,630.7717,1184.7129,1533.197,1748.2395,1787.0293,1773.0178,1733.3008,1298.8401,793.0215,459.73193,359.42017,343.8899,344.96558,330.8916,281.64868,204.1048,160.01125,154.31834,178.67088,200.57169,216.9409,175.57559,274.09277,300,41,3,0.72,21,131.0
2024-08-24,455.79858,650.0227,883.9746,1173.8184,1464.2473,1657.9902,1706.8271,1624.7375,1382.968,856.84424,524.563,475.21753,462.61084,440.53052,405.8208,375.80908,339.3308,280.94165,228.80911,210.58252,206.68864,172.92691,125.33815,312.8828,244,31,3,0.58,14,117.0
2024-08-25,549.0908,828.9778,1173.8472,1370.2561,1476.1814,1621.9629,1606.1055,1565.7751,1356.5596,998.0266,634.65137,556.9065,521.70386,504.6648,508.09424,523.3469,505.83325,457.3164,394.82935,339.52222,291.86914,229.80383,181.91289,371.93066,170,22,3,0.58,12,104.0
2024-08-26,616.90967,835.54224,1075.6687,1336.5605,1516.8218,1619.3923,1680.7688,1650.668,1509.0239,1295.7327,474.0442,403.2024,370.13525,357.0664,355.43774,346.78345,322.43994,288.59082,237.8954,194.70856,142.78326,107.44357,82.30199,204.25656,236,30,3,0.58,14,105.0
2024-08-27,404.5935,915.7014,1235.9854,1452.2285,1580.072,1056.6912,785.52295,693.5503,621.8872,674.01196,567.7573,495.56445,420.00464,379.89502,343.31665,305.31738,272.02075,256.7827,296.03198,326.26733,308.69043,274.8169,233.34885,300.4922,287,47,3,0.74,19,84.0
2024-08-28,369.82446,354.18872,321.63574,321.89282,360.07788,505.23755,646.9719,680.6809,727.22705,465.38403,276.03638,291.8545,226.51921,122.31792,130.73933,173.6036,198.62106,250.86209,269.36963,252.50342,222.82465,214.00053,279.0061,460.06274,271,34,3,0.78,16,94.0
2024-08-29,554.3855,727.00366,1020.19604,1109.8469,1210.8992,1406.0789,1405.373,1279.49,645.927,600.0737,377.61133,272.69946,274.20288,311.9978,312.9077,291.17163,273.95508,187.71507,150.45773,106.27768,83.75011,80.846664,91.752594,229.89688,81,17,3,0.63,13,89.0
2024-08-30,387.86963,600.6133,810.7678,996.3235,1105.2136,1182.6707,1224.1208,1211.1345,1193.2993,984.57886,252.55801,299.9016,368.20874,393.62646,411.64893,406.11328,351.19458,283.64307,239.08015,220.77693,200.14774,164.83,135.36371,253.95926,102,21,3,0.6,12,99.0
2024-08-31,395.37158,562.3274,750.709,1051.9133,1118.3774,1121.4478,1190.5898,1125.0752,886.5039,515.9021,366.5022,329.7683,346.55396,345.91602,343.3755,330.1548,311.26343,295.4131,281.9109,264.00024,252.23875,243.47452,254.91429,304.47046,159,27,3,0.63,15,103.0
2024-09-01,395.91016,530.7444,729.6494,930.30884,1078.2646,1083.7126,1022.5762,1006.0393,782.5266,573.5803,402.4065,322.71973,317.8496,325.7351,329.67358,315.14453,287.75293,243.29765,187.6257,148.57338,132.38707,137.40244,95.500626,173.03651,291,33,3,0.68,16,125.0
2024-09-02,314.1643,524.46484,886.87427,1113.644,1167.6064,1193.8442,1257.5996,1199.2734,1069.1604,901.75024,472.92017,472.0337,550.9597,638.75073,604.34595,542.4663,493.6128,396.11206,383.37036,373.0393,361.76245,343.48926,297.72705,419.56982,284,39,3,0.79,18,111.0
2024-09-03,602.0112,780.57056,927.6455,990.7988,589.864,533.68896,529.98145,696.1052,771.2964,703.4138,605.5437,554.56836,515.63086,478.50757,459.40723,462.87378,446.59155,405.1775,376.44824,374.10034,377.5852,347.0625,258.19287,422.87842,113,31,3,0.7,15,77.0
2024-09-04,628.3777,796.45337,1004.4824,1148.6882,1261.3623,1377.5913,1504.6809,1039.7502,843.8667,635.5405,508.3994,498.5227,517.1094,535.4795,548.2986,562.0945,574.9133,572.57324,524.0078,456.1355,399.77783,359.6819,233.69792,507.5437,114,23,3,0.62,14,84.0
2024-09-05,696.6304,888.04004,1141.3003,1359.2219,1518.4192,1631.467,1507.6326,1427.2695,1187.512,729.3943,439.8479,439.99756,513.07666,563.8784,586.0725,573.06226,551.68066,482.03906,322.32227,234.39236,204.30728,207.14351,180.39091,430.8479,131,23,4,0.69,12,79.0
2024-09-06,948.7263,1156.7288,1351.2812,1546.8872,1623.0225,1585.5283,1459.581,1336.3679,1134.8904,822.1846,522.9529,480.1775,487.9038,495.45752,503.3252,503.61548,499.03394,402.93774,329.49683,294.58203,284.73462,282.60986,153.86087,532.7124,208,34,4,0.6,15,58.0
2024-09-07,735.95825,948.2971,1110.6738,1253.5598,1385.8481,1504.638,1521.6768,1465.2358,1188.1157,792.72974,508.91968,446.00952,479.38452,523.5498,551.63086,554.5908,529.812,462.87305,341.3474,224.07022,202.20288,199.11343,187.37024,438.51343,265,44,4,0.48,13,61.0
2024-09-08,692.6365,936.63574,1077.3792,1183.3083,1238.4448,1244.9797,1222.9021,1162.7126,1134.5981,1009.2107,616.46704,602.2429,620.2283,593.5928,576.8955,537.75684,437.41382,387.60156,318.313,297.89673,287.82886,256.67236,231.97563,407.32056,141,31,4,0.45,11,62.0
2024-09-09,653.3196,866.49536,958.3689,1018.7698,1114.4507,1213.478,1214.9563,1131.2146,1102.8206,859.02686,759.6504,707.5254,722.4343,684.78906,606.2307,549.1553,512.27,363.29443,156.32672,156.72108,195.69885,248.50952,256.5193,455.16724,36,18,4,0.44,12,48.0
2024-09-10,690.6365,885.2627,1041.2671,1124.2258,1166.6404,1116.5535,840.1633,579.718,532.3413,505.5349,632.0122,646.36255,651.9917,643.0469,606.33325,655.9187,722.15356,701.11084,595.7429,570.25024,616.7451,584.3745,522.44995,561.0967,201,34,4,0.49,17,53.0
2024-09-11,621.615,766.64746,798.4956,616.5508,740.8696,669.916,803.7151,662.2754,684.91943,537.1406,409.22388,441.55664,501.11304,484.8357,447.07153,387.68457,343.12476,326.73413,284.99683,241.17018,268.03516,297.50317,315.6372,380.58643,17,14,3,0.5,16,38.0
2024-09-12,477.83374,633.2815,770.15894,849.18384,963.4075,1006.6233,1012.5022,929.4817,780.4551,671.9966,502.67334,541.7715,543.7915,559.68506,564.1782,542.44775,517.49414,506.22363,480.95557,441.71582,421.5503,388.91455,323.5061,400.4131,101,23,3,0.56,13,74.0
2024-09-13,532.8408,666.12964,817.9573,960.9761,1066.7991,1142.2529,1132.4751,1043.9148,845.22754,611.0896,473.17847,432.1692,432.5481,442.96753,452.32227,449.27954,433.19434,378.35718,284.3225,187.09908,139.34988,124.36682,90.109085,217.734,10,14,3,0.4,11,51.0
2024-09-14,425.07397,600.17944,802.59375,966.1758,1095.3022,1157.3284,1138.0303,1156.9102,1133.8372,956.72,439.2661,432.32446,507.6421,523.45264,509.2827,490.33813,480.2849,493.7307,487.48096,480.8667,458.9287,470.6494,511.09473,709.73315,54,20,3,0.38,18,42.0
2024-09-15,824.8965,976.3191,1054.3186,1135.6382,1249.6074,1326.6956,1242.7764,1064.304,988.8718,900.39966,594.2732,615.06494,679.98364,725.8706,764.6284,877.34155,979.8884,1056.5049,1079.1545,1226.2234,1228.5859,1154.9629,1075.9568,982.1277,44,23,3,0.45,13,48.0
2024-09-16,909.61816,935.3689,920.0315,874.06494,874.42163,910.13354,941.5906,928.66846,868.22046,686.553,679.44995,569.4324,608.76,708.7866,743.7864,709.79956,714.24634,719.5808,665.001,585.3794,526.01587,503.75195,467.313,557.34106,14,15,3,0.5,7,55.0
2024-09-17,623.27344,724.40845,824.2993,882.6741,951.2317,958.36523,948.0764,895.59546,842.6482,780.7612,735.2261,715.79126,700.20215,715.11255,709.23486,695.89014,700.1128,722.51636,708.156,673.0222,638.14453,600.65186,317.40552,501.58472,17,16,3,0.43,7,43.0
2024-09-18,828.2092,943.7517,1161.1809,1243.2083,1278.6565,1279.249,1321.6328,1277.2905,1010.8511,761.36914,603.30566,655.74854,679.8938,682.6804,673.93115,675.3345,689.4011,680.38965,653.75903,714.8594,728.01587,706.9021,531.0259,728.8054,40,20,4,0.4,9,41.0
2024-09-19,858.25854,832.36206,899.375,988.73926,1010.59106,980.21265,768.4529,892.77686,760.79663,766.63306,606.57056,633.8176,569.761,501.2339,388.4983,278.2478,216.82047,175.72818,179.39726,216.22948,230.89575,240.09401,207.05263,262.21875,43,22,3,0.42,11,22.0
2024-09-20,302.00415,412.47363,467.29907,532.8533,654.0586,738.11255,760.6963,458.97778,248.93665,41.861496,93.59119,78.56644,112.51239,173.66154,286.49707,343.33105,395.2151,420.97144,439.30884,482.7439,487.2959,508.021,298.28345,468.0542,60,17,3,0.45,16,40.0
2024-09-21,575.9585,773.5398,811.645,805.21094,883.6548,962.5056,988.08716,1043.7471,1066.7529,1044.1074,1099.7417,1122.9363,1047.0525,974.6472,916.95703,858.12915,832.6013,817.6975,806.62305,785.8164,777.04565,777.2261,640.916,674.3003,35,18,3,0.53,15,42.0
2024-09-22,758.77637,861.5503,980.4988,1171.1338,1364.98,1536.4504,1513.1206,1386.4624,1347.758,1277.342,1139.97,1171.4292,1041.2068,901.51074,778.0388,707.28394,625.0574,504.22046,445.8694,409.22437,383.7185,357.5835,289.08472,330.41675,200,30,4,0.51,14,85.0
2024-09-23,461.36914,789.21533,1029.9382,1349.8083,1425.888,1396.2329,1368.355,972.03076,919.9468,384.8391,38.78624,35.19075,47.568176,78.990616,192.1979,255.82057,224.98695,194.88225,191.76419,207.71623,235.95222,244.1521,190.3911,219.77652,149,29,5,0.58,23,88.0
2024-09-24,245.89703,279.23535,327.92334,354.70605,374.7832,361.68262,339.01562,322.42407,323.3506,315.13232,262.76978,142.33351,86.43515,71.61238,84.58824,87.62096,92.23395,110.614975,130.58531,134.71762,141.43639,158.26244,101.03642,121.947784,95,32,4,0.65,21,90.0
2024-09-25,164.08655,239.11597,334.20605,461.10864,566.19946,538.63477,644.9751,505.05396,369.96265,288.9475,183.96684,148.41364,117.0789,118.94986,94.06195,74.57892,79.38553,74.435074,73.172775,79.82408,91.82509,110.34325,81.32945,128.99738,224,56,4,1.02,31,86.0
2024-09-26,258.23315,546.1643,791.5676,940.76587,983.93945,1038.321,1070.4392,1075.6453,932.9114,602.2903,261.448,263.65234,350.60352,387.9226,384.5857,345.38647,276.7622,255.30096,256.0923,248.67989,244.35208,238.08673,221.4098,328.98047,64,23,4,0.57,28,43.0
2024-09-27,508.82666,571.6636,662.10156,887.4856,1122.2239,1096.013,1098.3774,669.9136,856.18555,817.95166,543.2964,510.25635,448.92578,324.0913,242.34554,222.5512,200.31778,173.83356,163.57338,174.29698,195.04593,206.60217,144.13426,215.39174,46,24,4,0.48,24,66.0
2024-09-28,462.1172,970.6843,1087.1758,1233.1462,1282.167,1272.2158,1265.1204,1253.8169,1193.4622,1142.9856,556.41943,494.20483,449.28296,369.72095,299.86597,223.41388,216.58876,234.45897,237.36151,239.37607,287.44067,305.24072,242.31511,425.37842,141,36,4,0.54,23,90.0
2024-09-29,672.5322,841.8169,1070.6406,1207.0923,1134.0488,1313.4011,939.45654,848.9021,770.61426,757.9695,610.90405,556.06836,525.4219,535.8982,540.27563,551.8176,509.61572,444.01807,316.6665,249.91992,286.90552,346.16748,360.45728,498.97485,140,33,4,0.47,18,65.0
2024-09-30,612.51025,798.65283,947.00024,1038.1594,1021.5637,922.7844,935.0093,877.65356,749.4033,646.78076,468.3706,440.67944,408.94824,291.53223,194.10126,103.66911,57.431076,49.53299,64.45438,131.70526,272.08276,431.8191,576.20435,695.89453,202,31,4,0.4,11,60.0
2024-10-01,783.7339,848.57056,901.4072,938.2451,1025.117,1052.4832,1081.7432,1115.7708,1135.6272,1107.3552,1095.9763,1144.0723,1174.0342,1225.7136,1272.3518,1273.6846,1172.6943,1090.0513,986.0564,929.0552,983.6328,1087.1694,693.84033,957.12695,94,20,4,0.45,12,55.0
2024-10-02,1106.7925,1204.6538,1374.832,1556.9272,1674.5847,1762.2107,1804.5447,1750.8975,1713.8254,1670.2427,1017.08813,898.88525,752.4817,554.41016,451.87622,430.90576,430.9895,441.32275,455.10327,454.5398,466.10376,453.23755,386.5652,460.39355,140,27,5,0.5,13,92.0
2024-10-03,673.6001,1073.9224,1323.0908,1595.4768,1754.9194,1970.3853,2027.198,1962.7258,1877.2856,1495.7942,472.9109,492.3711,400.66772,380.9065,381.6062,339.62646,319.59814,322.61792,340.47705,324.16724,278.16895,253.24997,178.04384,242.30913,55,22,5,0.45,14,84.0
2024-10-04,441.16968,680.7588,1567.4148,1663.9319,1715.6189,1670.5833,1633.7754,1616.8281,1556.5432,1130.3794,663.6907,529.09937,442.2019,388.47144,382.47705,407.02075,421.54858,424.9016,429.7561,459.85938,490.47388,506.42554,474.36523,452.77368,63,24,5,0.41,18,81.0
2024-10-05,473.3838,616.41846,865.0349,932.3176,895.8357,912.0591,914.32983,832.81494,733.32935,643.4492,548.6074,491.3601,450.40503,455.8025,441.29907,414.63232,379.0703,336.4331,325.30518,345.00024,346.0869,349.9048,315.34253,347.78833,30,19,4,0.43,13,76.0
2024-10-06,408.83936,428.64648,433.31104,429.25513,412.7168,412.96338,451.41382,490.30103,470.23364,444.0598,343.9077,359.58423,376.85742,381.77148,386.05786,394.45483,389.71118,378.0857,384.80762,413.40308,454.1228,465.03125,378.2378,403.33643,30,10,4,0.46,12,75.0
2024-10-07,433.4768,496.0078,543.40796,568.4685,576.42896,625.09595,710.00366,769.8098,749.83887,685.20435,501.5747,427.5481,426.27222,455.2932,452.9226,431.48706,433.1787,447.24878,440.11255,446.0349,467.48877,474.1577,461.09668,453.4497,60,8,4,0.4,12,84.0
2024-10-08,471.9685,539.95654,676.21826,895.3701,1076.3611,1195.249,1253.5862,1253.5469,1215.5691,789.3413,257.6421,218.37315,247.75266,242.94162,260.52173,262.90454,246.6273,247.4491,244.38269,208.85399,181.40552,149.76831,82.05014,119.03485,118,32,5,0.58,21,84.0
2024-10-09,279.96533,1051.6738,1185.814,1236.4736,1287.3337,1370.5405,1440.373,1430.6372,1111.9597,356.188,137.31743,98.568436,69.05611,47.325104,34.31656,42.324173,42.821793,39.19345,40.141006,34.851257,30.686813,27.505554,22.126816,20.270462,84,35,5,0.49,34,68.0
2024-10-10,92.41139,370.64062,752.7539,955.3025,1105.2195,1219.0911,1238.5889,1143.2563,959.2488,240.93253,75.28287,71.563995,72.2825,68.59953,68.15784,64.60118,57.847763,49.21785,46.07921,44.03441,47.223877,50.75499,31.233215,27.913605,243,55,6,0.67,50,81.0
2024-10-11,111.90483,359.81567,943.9883,1165.1243,1375.2881,1568.3713,1692.5996,1718.3872,1632.812,269.16016,84.492035,100.55846,118.48509,131.99437,134.63368,117.36836,103.25769,100.57391,92.26671,82.81705,77.47429,88.131134,72.64525,115.0827,234,58,6,0.76,41,96.0
2024-10-12,290.4375,989.3794,1251.1487,1349.7725,1263.8809,1149.9092,1200.0183,1229.2432,1086.1252,715.58105,393.63818,419.80664,360.8335,454.90063,408.41455,329.44946,278.71777,187.77478,133.13936,149.35353,162.29985,187.41905,284.0669,525.479,178,46,5,0.59,26,81.0
2024-10-13,681.0803,806.42505,885.44214,898.4597,952.6953,973.8225,992.0991,991.23486,899.52344,739.31445,486.33228,465.5276,493.63403,527.8325,529.7449,535.6592,542.04175,508.36157,455.9287,367.46362,266.031,190.7647,134.87114,138.76431,29,21,6,0.48,22,65.0
2024-10-14,220.75851,410.11523,738.4043,890.865,999.5935,787.3181,724.1604,735.35596,589.9968,486.58105,339.7439,328.2959,286.27563,275.15747,258.90405,256.8357,232.04457,242.91368,230.08301,230.34427,232.46574,235.7473,259.01196,244.13701,106,41,5,0.65,24,67.0
2024-10-15,254.28278,294.3828,336.20972,374.23608,403.89258,465.80762,487.26953,461.22437,470.14648,469.0901,403.3943,400.7173,374.74878,339.97266,279.146,181.31229,194.33076,224.52498,139.6057,180.63142,249.93344,305.61963,271.08545,279.78125,195,45,5,0.94,35,38.0
2024-10-16,298.8567,511.17236,609.2207,645.51587,600.63306,563.16406,488.8003,496.47705,555.5156,572.7012,597.38086,564.9678,533.35254,410.10693,244.58759,222.59698,192.31618,244.36867,296.87354,337.81738,383.65845,401.44995,258.64502,335.35107,125,26,4,0.66,29,43.0
2024-10-17,418.04346,546.15405,648.59106,700.655,705.7693,711.3391,722.73096,681.4429,653.64624,579.7212,451.063,407.15234,356.92188,349.79126,350.9458,344.146,324.19727,287.9961,250.89653,228.2266,216.54272,200.13817,165.75273,193.71117,72,23,4,0.59,20,60.0
2024-10-18,310.13208,421.95142,503.59497,582.12476,684.06616,954.9673,861.08594,748.47485,478.04834,253.45767,59.653397,150.98466,335.17236,479.22754,484.9773,649.12573,735.4048,735.9563,763.0381,801.75415,838.10767,893.7273,892.89966,900.84375,172,30,5,0.59,18,70.0
2024-10-19,930.3804,958.4553,978.8655,1142.0354,1180.4944,1133.0669,1126.1018,1116.6426,1097.1326,1085.3516,1037.9172,1038.9939,1021.2339,1022.0708,1024.1946,1043.552,1053.7144,1021.01904,964.2698,812.96655,753.65405,637.99365,464.96362,370.36377,55,22,4,0.52,11,60.0
2024-10-20,627.15137,725.1194,796.7737,912.71484,1028.6648,983.26074,929.15625,926.20166,843.01416,434.2041,388.9983,377.6565,384.5127,358.77734,289.14746,226.37099,169.07315,160.72577,179.68736,202.26802,217.43712,214.11946,237.63545,266.59326,261,40,6,0.67,16,58.0
2024-10-21,304.80664,355.69043,411.58813,444.7268,479.73315,465.91895,534.72144,578.5266,322.63696,262.50977,168.1512,161.04059,143.03822,110.683365,144.75267,147.65147,128.48506,141.45992,173.77986,209.79933,239.9555,256.69116,262.11914,374.01172,81,26,5,0.75,19,44.0
2024-10-22,565.4155,735.1509,781.88135,825.3928,853.6677,822.1582,844.0928,863.31494,864.56885,906.9939,881.56323,975.9846,1092.7822,1125.335,1132.844,1125.8694,1127.7886,1141.5857,1117.2295,1052.8523,905.35986,685.6428,479.73096,500.0786,176,34,5,0.86,24,37.0
2024-10-23,581.9011,653.62866,776.74536,1031.3779,1161.9827,1202.6943,1198.3999,1191.3845,1185.564,1150.8035,312.03784,254.80922,248.98195,227.7005,234.34302,218.36134,213.45268,200.78297,204.29495,233.287,273.9204,347.50146,218.74423,302.9839,192,40,5,0.77,22,68.0
2024-10-24,844.8706,1043.582,1110.6138,1138.9697,1178.6448,1231.658,1258.5989,1249.2856,1178.1392,801.51587,487.5276,467.46313,379.12646,333.14355,316.7483,297.59375,305.46924,355.92212,357.90112,320.4104,309.0962,288.6941,202.23997,249.33116,44,28,5,0.64,30,58.0
2024-10-25,347.51,491.37622,786.4983,960.67896,1047.5012,1059.7197,1042.98,991.3618,866.5005,834.1948,592.511,520.9741,506.99487,525.0376,519.938,505.26416,555.1658,565.41797,578.03,564.947,552.33887,533.0896,390.76807,410.91553,52,33,5,0.53,20,70.0
2024-10-26,472.6831,530.5359,597.97974,640.6316,704.08105,750.8794,732.5718,614.36426,522.75854,465.79077,354.74683,347.5625,278.85498,231.05371,224.9432,212.14413,188.80243,159.25815,128.24191,74.26466,31.768082,49.2957,100.15178,201.00066,12,17,4,0.51,14,46.0
2024-10-27,306.0581,383.16504,477.08984,607.5032,708.5349,761.3994,804.49756,761.65405,716.66626,694.6885,727.4946,685.7529,629.3777,631.41235,613.35913,622.3259,637.3645,602.6228,557.6118,493.77026,455.5913,442.68237,393.41113,370.77368,27,13,5,0.53,19,46.0
2024-10-28,422.636,571.73926,814.7058,1107.8884,947.9287,1111.2666,1043.4854,960.97437,889.3176,765.9424,366.79834,279.71118,252.16527,224.81682,205.06676,186.5721,200.49126,202.46451,191.95099,196.56487,195.12148,178.43849,107.019516,109.110245,208,51,6,0.63,24,71.0
2024-10-29,241.77931,645.7073,985.6389,1075.0093,1123.2603,1145.071,1144.2683,1095.5107,995.7412,370.83203,142.72795,162.53368,199.53703,239.08386,275.4475,242.02182,243.2495,230.55656,230.96072,266.9807,309.25073,308.10986,180.06477,196.48203,62,29,6,0.43,31,63.0
2024-10-30,317.302,461.49658,552.9734,684.8457,817.68115,915.17334,950.08545,960.2373,975.1355,933.8425,743.2473,644.0935,495.1858,399.49805,359.0708,318.91748,291.47754,309.2788,335.70166,344.80127,314.0017,307.812,330.54492,415.18262,31,29,6,0.45,27,63.0
2024-10-31,479.50293,629.74243,766.1499,918.1389,847.8008,800.04736,765.6763,745.92456,681.0144,652.12085,651.386,676.8899,647.9546,545.449,426.02173,338.16504,340.32178,363.18433,409.44458,469.87012,526.07837,568.16943,841.405,885.1499,31,24,5,0.5,22,59.0
2024-11-01,875.24805,809.98364,741.1655,808.1074,882.1736,942.9497,1011.51855,1072.6853,1089.4055,1081.8523,947.91797,864.1953,807.48145,800.23267,826.45776,841.3865,841.6826,814.16016,758.8069,704.11426,639.7737,621.6565,569.8469,531.0276,41,12,4,0.42,8,79.0
2024-11-02,574.1633,678.01514,851.3032,881.92017,894.2512,906.61255,945.79565,951.9375,899.4944,290.35474,102.34979,94.99663,83.73082,72.67056,71.34354,71.10626,68.44267,62.97374,61.418182,62.898438,61.746506,57.805023,26.047836,27.42308,135,44,6,0.64,20,95.0
2024-11-03,90.33612,213.41795,423.583,617.5039,714.9675,813.83813,892.2605,899.4658,580.27515,112.4765,51.665573,48.56453,41.20143,31.59082,23.07634,17.179993,12.893846,24.449524,37.730362,41.97792,46.59445,52.30832,59.646973,76.43094,211,61,6,0.78,45,70.0
2024-11-04,114.34415,191.22086,435.8208,969.9663,1136.7217,1243.2346,1313.0449,1382.4065,1275.822,826.8911,768.62744,805.0242,798.7146,712.25806,666.812,636.2258,591.5967,527.14844,477.27905,498.56323,535.4004,517.63184,268.14844,486.54614,272,64,7,0.79,40,69.0
2024-11-05,746.5864,871.06177,1003.062,1134.2427,1245.2053,1330.0059,1339.6328,1314.44,1270.9678,594.25635,244.36897,195.85437,194.44502,235.85065,279.35938,276.85205,238.82863,194.52051,177.45226,184.52304,201.75406,209.9261,161.92407,182.48009,78,35,6,0.33,23,65.0
2024-11-06,322.78296,892.25195,1087.4688,1282.8884,1452.563,1612.4275,1587.354,1540.5706,1578.8496,890.41504,452.43042,455.5852,394.1128,385.99194,338.4265,288.50195,227.45549,189.83882,185.24846,201.61758,245.1064,303.2002,223.37799,251.77852,38,27,6,0.27,25,63.0
2024-11-07,312.48706,611.0679,1524.3186,1565.7949,1509.6846,1542.1902,1540.1665,973.14136,825.08716,488.17822,347.6748,408.02954,374.8235,330.19775,300.90405,291.57935,285.0105,260.59985,232.03612,224.33823,205.35588,178.99045,129.11212,156.09123,35,28,6,0.34,32,52.0
2024-11-08,229.95303,349.55957,628.9885,907.38916,1062.7444,1242.1304,1239.6797,905.3635,747.5525,493.01392,429.30298,466.21362,430.8977,427.79297,424.95215,411.42773,395.68213,362.46582,352.0088,344.02734,341.26465,388.9585,234.18863,200.9707,40,30,6,0.34,37,44.0
2024-11-09,277.26855,644.73193,836.65137,932.1008,1022.0122,1082.2661,1017.10913,957.75024,888.042,722.37573,548.3262,475.42407,378.71045,301.35303,278.70117,240.04994,225.96637,209.64215,193.47029,196.75322,237.17917,257.21045,188.20877,226.43025,52,33,6,0.37,25,52.0
2024-11-10,294.98804,374.4453,440.95728,482.21094,538.2981,601.6924,614.82324,666.0532,694.0686,409.3833,244.13235,234.3382,255.98727,286.1565,272.0681,201.6324,167.0768,157.96158,171.43402,178.75475,161.9421,136.73889,95.11359,112.79472,68,38,6,0.5,28,55.0
2024-11-11,209.45201,356.67847,597.93115,742.7446,839.4304,908.8489,945.26685,941.73193,876.1924,186.42065,65.484146,90.48163,117.007904,134.0558,126.84216,105.36369,76.32718,62.86125,67.573166,80.59224,96.512436,118.35101,132.0956,153.32057,107,43,7,0.51,32,76.0
2024-11-12,236.4553,433.82324,631.84546,837.1489,1001.1216,1093.0454,1077.1323,980.2273,854.99756,400.37744,205.83171,163.94966,155.91635,160.00378,177.63823,184.20084,162.26717,149.48708,155.65489,159.3212,165.10924,197.84036,160.20433,178.06801,80,36,7,0.48,33,66.0
2024-11-13,335.4502,663.2439,916.01196,1069.6775,1069.688,1062.5078,1022.76953,828.4075,666.4695,573.4768,481.98608,472.4419,457.42773,433.98242,372.28687,317.47778,258.16626,221.9713,207.67389,212.97766,231.30423,257.65332,246.22568,238.30545,104,41,6,0.51,27,72.0
2024-11-14,290.63892,353.7732,450.87207,506.6709,457.35596,443.81396,453.2434,334.14355,259.85254,180.05676,126.07034,122.86063,116.21074,103.3992,82.77365,71.07594,55.973297,52.885284,35.82071,36.37738,63.880005,132.39763,125.958755,146.05675,72,32,6,0.52,26,56.0
2024-11-15,166.52689,199.64082,259.25293,233.25438,457.3335,579.33203,360.86597,355.32764,183.54263,205.90584,188.11113,196.0577,160.01778,170.03737,184.28392,178.83252,161.8303,155.52644,155.04938,169.2573,187.79262,204.70244,218.00075,227.35812,97,35,6,0.65,40,14.0
2024-11-16,216.0112,247.01003,368.50854,492.42725,544.16455,584.4907,616.7063,603.43164,554.3335,477.4536,311.0537,383.2002,394.95972,401.48657,436.66528,488.33276,539.459,581.0503,597.155,638.43286,700.79126,770.72534,877.57495,884.8867,110,33,6,0.64,29,29.0
2024-11-17,958.7527,982.5056,1047.6367,1082.344,1068.2021,1151.1938,1143.6821,1114.3481,1096.1658,1190.896,1227.8652,1224.6951,1212.907,1167.5007,1134.9626,1157.116,1161.5808,1172.5637,1164.551,1167.7122,1184.1716,1175.1929,1151.6953,1151.6462,49,20,6,0.5,13,63.0
2024-11-18,1160.6914,1205.8667,1266.2673,1362.0671,1345.5454,1325.019,1301.6477,1266.7979,1252.8862,1211.3721,1016.62256,918.6394,862.1814,825.6902,767.5657,728.4055,677.6985,661.76904,653.99634,633.45605,616.4641,559.0447,484.9226,438.11865,116,25,6,0.36,14,58.0
2024-11-19,532.0862,601.68555,740.5791,910.3462,1176.8379,1305.429,1281.803,1252.9563,941.2063,614.1699,316.0315,289.61597,250.50354,222.63898,226.63792,216.73067,201.63185,191.66833,190.33969,197.46628,206.29506,216.76126,197.02814,206.4514,117,29,7,0.4,21,50.0
2024-11-20,269.0266,387.93774,703.98706,983.5537,1101.6143,1135.7458,849.96216,669.80835,541.62573,462.53882,361.8152,354.76514,330.31494,262.14282,262.55737,238.56776,227.57867,202.6907,202.27518,238.73418,254.87415,259.61816,219.05705,195.24031,117,31,7,0.49,32,35.0
2024-11-21,304.67725,527.22363,653.99976,805.2434,983.70435,1110.9829,1115.1353,1112.6292,1104.8298,1063.4551,344.70923,266.9016,222.45154,208.1222,200.03954,212.81691,205.33957,202.40329,197.51817,181.47806,155.01294,162.30049,137.66823,161.02055,182,50,8,0.6,34,44.0
2024-11-22,230.48822,359.40234,744.4602,912.7832,1144.2344,1346.2686,1469.69,1349.831,669.9663,262.3916,163.76611,208.64322,338.75586,467.3667,456.688,436.2578,415.9502,385.9673,376.0913,360.8689,351.36548,311.64478,210.32521,156.72495,288,86,8,0.71,38,54.0
2024-11-23,229.41505,530.6033,935.605,1160.5178,1306.6643,1404.9651,1454.1675,1460.8853,1222.7224,334.14258,277.4292,424.15503,479.14355,471.68213,386.48486,344.55298,273.6919,205.79291,186.17273,189.41078,178.92778,169.83586,146.53947,155.71512,25,22,7,0.37,26,52.0
2024-11-24,221.48895,416.8999,855.87134,1172.3323,1429.9734,1447.9468,1251.0295,1013.7898,643.853,454.9077,369.37842,370.84766,345.26,330.8484,345.81763,382.13623,423.1338,444.69385,460.10596,477.36768,469.0564,478.0835,392.75708,364.60083,35,27,7,0.37,26,50.0
2024-11-25,436.17212,499.1521,548.1692,522.7456,440.80176,463.4607,527.23145,672.5205,748.03296,747.0454,788.1052,821.8342,829.2158,881.36646,982.3723,1018.7385,1094.689,1127.4795,1111.2104,1119.3936,1077.1587,1022.15967,841.7239,728.2998,98,30,7,0.49,28,32.0
2024-11-26,960.4031,1305.8369,1446.8772,1478.9587,1438.5325,1462.1902,1495.3252,1428.6138,1321.1958,934.16626,336.2837,342.78003,450.18604,522.70166,538.98267,592.71216,596.876,466.63916,397.17236,323.83643,288.82104,280.67456,183.91322,174.11414,165,32,7,0.53,13,55.0
2024-11-27,303.8838,867.1819,1761.1072,1894.6062,1910.9805,1937.4253,1927.3252,1902.5437,1814.0769,1420.0837,535.0261,381.98608,279.2212,238.63907,229.12486,197.05162,184.93124,192.3525,206.31622,212.22208,216.01895,219.81798,195.88864,198.8518,227,55,8,0.55,24,49.0
2024-11-28,294.79834,464.89478,1117.9617,1663.6016,2113.6123,2209.9114,2181.493,2167.075,2066.4424,1839.904,687.96655,530.7446,519.1487,623.0156,849.97266,784.9016,591.1907,425.57568,327.5398,257.01318,227.453,217.42645,179.63232,202.7829,300,75,8,0.52,25,45.0
2024-11-29,342.94775,491.18506,610.8811,931.3025,1535.7112,1667.4246,1678.9519,1596.9517,775.6936,157.21931,56.992798,51.26259,52.261505,54.39914,51.08435,48.671326,45.88687,43.72252,41.7744,36.1519,30.149979,27.69925,26.761032,30.544708,225,56,9,0.55,32,41.0
2024-11-30,46.689636,97.75932,194.80818,399.49805,600.9429,736.44385,820.4204,803.0847,78.438034,59.47525,55.14232,64.94891,77.77385,95.515,104.379425,99.55888,90.293976,81.5737,78.14455,75.08591,73.77069,74.45392,72.87706,75.83731,203,67,9,0.63,52,32.0
2024-12-01,101.69423,157.39108,251.30865,378.73633,585.01855,768.90894,846.17285,833.21313,114.11011,40.526352,36.045868,42.99527,51.617065,59.114777,66.267105,66.73506,63.97046,57.12706,52.173233,48.772003,45.12227,41.202972,39.93875,38.049576,187,72,9,0.56,56,38.0
2024-12-02,48.549698,75.10358,127.36783,247.83218,473.19385,653.98413,705.9204,533.82495,198.43945,45.891525,27.087158,21.64357,22.78247,36.465317,60.03592,89.69893,116.931595,141.59306,155.85533,153.15929,145.22557,157.76291,104.62842,117.659454,216,81,10,0.7,63,40.0
2024-12-03,236.74757,370.40967,554.2483,826.9824,980.416,1058.5178,1089.9312,1066.5481,777.00684,615.0137,505.364,486.4475,439.41284,396.43652,356.71313,337.39648,317.74072,315.27734,310.94653,320.88843,330.61743,321.09082,195.85571,255.07074,272,99,10,0.78,47,50.0
2024-12-04,278.77515,385.28857,517.0498,677.48,846.14795,977.8982,994.0039,970.70825,895.20703,601.33105,373.1936,417.53735,407.39062,423.9878,407.65845,390.261,359.3789,345.61377,342.24707,331.35303,331.58374,351.75317,323.5996,316.84863,117,47,9,0.5,34,42.0
2024-12-05,327.77222,350.29053,372.8457,403.28418,484.24487,582.35547,687.8552,716.15845,720.72974,199.19368,132.27098,111.91254,70.263626,55.9449,61.312027,87.75989,111.88188,117.52017,143.61182,194.56773,271.02075,282.96924,228.16092,198.52751,159,48,9,0.67,30,45.0
2024-12-06,232.92833,313.36646,616.59424,905.1162,1056.9719,1082.8923,1107.8215,1091.929,972.2749,296.22046,163.02475,96.1754,69.08145,63.624725,74.94418,96.8275,111.422104,100.02046,95.16681,81.452896,49.537643,47.418137,65.784424,83.39934,291,100,11,0.96,37,52.0
2024-12-07,142.8217,344.9309,680.26074,903.96313,1051.0605,1162.3777,1183.9463,1155.6372,1043.7595,649.45557,423.76904,730.20166,850.44434,817.07275,749.43066,708.3657,706.4324,714.155,720.72314,750.9575,734.2007,641.72656,438.50024,389.64648,163,122,162,54.0,12,1.15
2024-12-08,413.8037,523.46387,967.61597,1133.9749,1279.3325,1382.5117,1396.7354,1363.1987,1214.3411,373.74512,181.04178,163.11436,147.74794,158.23201,139.39052,135.87193,127.724594,118.86893,108.96121,112.25685,114.92314,112.74721,111.00691,121.13667,81,34,10,0.6,27,46.0
2024-12-09,156.79971,256.65283,481.08398,674.60767,792.88745,878.06274,915.6802,932.09375,858.8535,252.1385,120.03592,137.9617,162.72238,184.13185,201.99811,192.21982,172.83223,184.94215,176.03484,181.75354,182.11905,190.89442,199.84325,216.62941,114,51,7,0.51,51,27.0
2024-12-10,250.92334,298.19507,332.96753,383.9143,417.66675,409.13672,385.86157,388.85742,380.92285,377.70312,408.1504,362.12256,349.75,358.40234,357.68164,371.1494,383.0122,417.05078,450.87476,473.46362,536.0293,630.5171,651.6282,640.07324,58,36,6,0.44,47,23.0
2024-12-11,627.40454,637.23145,668.45386,657.73267,650.4424,607.7722,593.8872,661.41895,712.7434,615.2278,442.78223,399.35425,357.60352,346.55933,337.60107,341.4026,321.2124,308.56934,291.79688,278.11377,248.1533,202.94589,153.3237,149.53151,133,39,6,0.61,30,43.0
2024-12-12,195.88263,279.07666,490.28198,671.0576,768.15405,943.0342,1016.8638,1019.06885,919.7246,573.6802,467.2036,529.0952,501.12158,485.08813,421.2251,349.06836,294.75073,204.293,169.07845,195.19565,218.25601,243.16312,188.04298,100.71571,224,68,7,0.77,42,23.0
2024-12-13,241.11789,545.3479,647.3274,907.0178,1192.8098,1265.1487,1429.436,1470.5693,1582.3921,1632.7224,879.9302,919.8718,951.89136,915.14014,921.2251,822.50244,739.09595,684.6548,631.2175,621.0154,611.3401,582.02466,515.0874,512.6399,223,71,7,0.65,30,47.0
2024-12-14,539.9695,614.4519,800.1843,909.20825,996.41235,1064.2285,1080.9629,1060.9529,1018.4385,734.751,281.11743,259.15283,233.75928,243.61229,253.5798,244.59442,243.1102,232.08801,201.21635,182.56609,165.60316,154.37616,134.73741,128.58961,301,77,8,0.72,29,41.0
2024-12-15,226.05846,476.531,888.23584,1047.572,1183.9197,1255.3564,1271.446,1211.0996,997.9297,192.97429,56.3768,31.600922,22.968903,26.391693,37.71466,46.772736,53.431824,61.471832,64.45053,61.144775,60.478363,57.331223,52.716904,48.77568,175,61,8,0.71,39,38.0
2024-12-16,53.924347,113.94884,351.63403,601.3606,1004.3379,1134.0095,1178.96,1122.2407,331.93823,27.883606,14.944844,15.349326,16.883606,19.185257,22.26059,23.636887,23.31334,22.18158,21.011429,21.272278,23.846252,27.065277,28.101837,28.00821,201,73,8,0.86,61,26.0
2024-12-17,40.67726,73.132706,157.38559,344.55908,615.2412,874.3484,962.9265,870.0371,237.38503,79.23563,61.919296,60.848907,67.16803,89.18715,108.070435,104.11578,107.37047,106.49432,107.32204,111.3766,126.27171,153.92184,128.81934,155.6993,225,84,9,0.86,71,22.0
2024-12-18,230.5303,357.30713,531.32153,899.63354,1062.0647,1126.3042,1108.8162,1114.7349,1148.5422,1072.7793,414.229,624.98267,774.07056,776.6472,632.5039,532.3506,457.88965,457.50366,465.59814,451.0984,440.72192,416.47217,341.66626,349.15332,287,93,9,0.81,49,40.0
2024-12-19,379.46216,441.51733,546.33813,705.60425,925.25586,1231.0112,1307.4475,1266.6611,899.57007,337.29468,115.91913,113.726685,132.24716,142.62904,124.11435,109.32793,100.37094,85.03241,67.584335,53.88997,40.626755,22.089981,34.88678,38.236816,33,34,8,0.66,31,39.0
2024-12-20,49.738297,141.40848,372.84814,699.02026,911.9929,1018.6416,1014.24097,944.39844,633.4968,164.15468,71.16788,53.01671,33.59761,21.573181,21.95346,32.014893,54.3602,100.42166,173.36072,225.50346,256.78345,269.68433,259.99585,268.88745,84,55,8,0.7,47,29.0
2024-12-21,354.29688,489.32544,744.47266,1053.4993,1243.675,1336.4868,1362.3315,1396.8506,1408.3884,1186.2627,446.12158,375.062,383.3286,363.3838,364.229,342.25635,310.8557,308.4497,334.35034,360.4939,373.7356,377.9973,318.01123,332.55933,241,92,10,0.82,45,39.0
2024-12-22,356.3235,426.06128,593.7561,873.751,1118.1082,1252.3562,1295.5122,1243.7319,1173.8433,751.0925,177.43347,184.42255,197.8902,183.82536,212.71475,218.78362,225.0232,209.75534,205.28629,208.3475,195.2284,190.97685,200.58586,176.0947,126,59,7,0.58,32,38.0
2024-12-23,184.5402,221.15657,325.1089,559.54126,716.16284,814.19214,948.76514,954.1448,950.16895,482.09692,244.4868,264.292,274.5818,260.21826,276.22485,268.66968,244.75551,236.08896,241.51195,252.97801,271.29272,267.0652,180.02026,204.42665,88,54,7,0.6,46,20.0
2024-12-24,231.11479,273.3767,407.74854,614.8237,782.5398,889.13257,984.44336,1024.4248,975.25806,97.44086,44.8759,74.16327,107.35132,114.15814,115.40411,126.53549,139.49881,147.40964,110.09422,61.711044,36.144867,25.590042,17.732056,25.560806,82,55,7,0.54,38,39.0
2024-12-25,42.517838,91.993195,208.18044,329.25195,452.26465,584.49976,691.83765,705.8799,628.0117,412.4099,227.74529,112.17552,64.881516,58.961166,63.187317,66.212875,69.90138,82.46892,114.19406,133.14513,129.46664,124.8689,98.13896,123.346725,160,86,7,0.59,47,34.0
2024-12-26,173.59612,305.82788,520.28125,734.6748,872.52075,973.0598,1039.9087,1068.1912,1000.9053,264.1516,101.26874,157.98328,250.95578,276.36157,265.2539,270.26978,259.95312,221.50932,193.21085,175.26984,167.9531,161.4421,139.30716,120.07431,144,108,144,62.0,10,1.01
2024-12-27,171.90843,285.19556,582.3733,790.5576,932.3677,1025.2468,1018.7866,954.4612,855.2378,393.74316,193.21552,211.64108,200.1464,223.01558,225.1254,232.17685,260.62695,341.19922,578.95483,649.25684,603.8301,596.65186,447.1084,392.40308,107,55,7,0.56,33,48.0
2024-12-28,550.3076,835.7495,1033.6335,1147.6704,1195.4722,1200.2512,1182.8491,1130.0486,1049.7974,480.16992,149.98793,89.44391,52.940857,26.811264,13.911215,14.752488,19.194504,24.312866,29.625946,36.778915,41.555267,42.55774,43.401352,54.97136,157,68,9,0.62,33,43.0
2024-12-29,86.82228,193.6959,415.26465,642.4658,753.1531,789.51953,808.5176,750.6948,543.4668,205.16008,140.12347,160.46095,158.72913,171.83612,191.58098,202.78416,206.07632,201.44452,174.57948,142.34909,118.92232,92.01776,78.10629,65.407455,131,79,8,0.65,50,39.0
2024-12-30,89.773544,145.0971,232.09329,405.2544,584.57666,783.959,939.8491,1008.10425,636.5259,107.8909,82.28996,82.8318,93.47943,102.25433,123.57884,125.81709,156.09485,232.91101,302.10425,286.9043,263.42627,262.74585,213.61166,174.43758,166,88,9,0.69,57,36.0
2024-12-31,223.19543,337.5188,482.2539,628.7949,782.2783,903.68677,954.5679,919.46436,738.91724,225.44304,97.89647,73.84206,55.88774,41.710342,36.56128,43.487167,55.009186,64.87869,71.14293,71.36487,68.39407,65.59166,45.794815,45.51625,201,97,9,0.75,52,39.0
